cd_cnae_principal,de_cnae_principal,de_ramo_atividade,de_setor
8020002,OUTRAS ATIVIDADES DE SERVICOS DE SEGURANCA,SERVICOS ADMINISTRATIVOS,SERVICOS
7319002,PROMOCAO DE VENDAS,SERVICOS PROFISSIONAIS E TECNICOS,SERVICOS
5612100,SERVICOS AMBULANTES DE ALIMENTACAO,SERVICOS DE ALOJAMENTO/ALIMENTACAO,SERVICOS
4789099,COMERCIO VAREJISTA DE OUTROS PRODUTOS NAO ESPECIFICADOS ANTERIORMENTE,VAREJO,COMERCIO
8219999,PREPARACAO DE DOCUMENTOS E SERVICOS ESPECIALIZADOS DE APOIO ADMINISTRATIVO NAO ESPECIFICADOS ANTERIORMENTE,SERVICOS ADMINISTRATIVOS,SERVICOS
5620103,CANTINAS SERVICOS DE ALIMENTACAO PRIVATIVOS,SERVICOS DE ALOJAMENTO/ALIMENTACAO,SERVICOS
5320202,SERVICOS DE ENTREGA RAPIDA,TRANSPORTE,SERVICOS
5223100,ESTACIONAMENTO DE VEICULOS,TRANSPORTE,SERVICOS
4781400,COMERCIO VAREJISTA DE ARTIGOS DO VESTUARIO E ACESSORIOS,VAREJO,COMERCIO
8230002,CASAS DE FESTAS E EVENTOS,SERVICOS ADMINISTRATIVOS,SERVICOS
4712100,COMERCIO VAREJISTA DE MERCADORIAS EM GERAL COM PREDOMINANCIA DE PRODUTOS ALIMENTICIOS MINIMERCADOS MERCEARIAS E ARMAZENS,VAREJO,COMERCIO
4782202,COMERCIO VAREJISTA DE ARTIGOS DE VIAGEM,VAREJO,COMERCIO
6462000,HOLDINGS DE INSTITUICOES NAO FINANCEIRAS,BENS DE CAPITAL,SERVICOS
5611203,LANCHONETES CASAS DE CHA DE SUCOS E SIMILARES,SERVICOS DE ALOJAMENTO/ALIMENTACAO,SERVICOS
4761003,COMERCIO VAREJISTA DE ARTIGOS DE PAPELARIA,VAREJO,COMERCIO
8599604,TREINAMENTO EM DESENVOLVIMENTO PROFISSIONAL E GERENCIAL,SERVICOS DE EDUCACAO,SERVICOS
8592903,ENSINO DE MUSICA,SERVICOS DE EDUCACAO,SERVICOS
1099607,FABRICACAO DE ALIMENTOS DIETETICOS E COMPLEMENTOS ALIMENTARES,BENS DE CONSUMO,INDUSTRIA
4744099,COMERCIO VAREJISTA DE MATERIAIS DE CONSTRUCAO EM GERAL,VAREJO,COMERCIO
4930201,TRANSPORTE RODOVIARIO DE CARGA EXCETO PRODUTOS PERIGOSOS E MUDANCAS MUNICIPAL,TRANSPORTE,SERVICOS
4772500,COMERCIO VAREJISTA DE COSMETICOS PRODUTOS DE PERFUMARIA E DE HIGIENE PESSOAL,VAREJO,COMERCIO
4120400,CONSTRUCAO DE EDIFICIOS,INDUSTRIA DA CONSTRUCAO,CONSTRUCAO CIVIL
4541206,COMERCIO A VAREJO DE PECAS E ACESSORIOS NOVOS PARA MOTOCICLETAS E MOTONETAS,VAREJO,COMERCIO
8112500,CONDOMINIOS PREDIAIS,SERVICOS ADMINISTRATIVOS,SERVICOS
9602501,CABELEIREIROS MANICURE E PEDICURE,SERVICOS DIVERSOS,SERVICOS
7911200,AGENCIAS DE VIAGENS,SERVICOS ADMINISTRATIVOS,SERVICOS
4686901,COMERCIO ATACADISTA DE PAPEL E PAPELAO EM BRUTO,ATACADO,COMERCIO
5620104,FORNECIMENTO DE ALIMENTOS PREPARADOS PREPONDERANTEMENTE PARA CONSUMO DOMICILIAR,SERVICOS DE ALOJAMENTO/ALIMENTACAO,SERVICOS
4321500,INSTALACAO E MANUTENCAO ELETRICA,INDUSTRIA DA CONSTRUCAO,CONSTRUCAO CIVIL
4923001,SERVICO DE TAXI,TRANSPORTE,SERVICOS
1013901,FABRICACAO DE PRODUTOS DE CARNE,BENS DE CONSUMO,INDUSTRIA
4789004,COMERCIO VAREJISTA DE ANIMAIS VIVOS E DE ARTIGOS E ALIMENTOS PARA ANIMAIS DE ESTIMACAO,VAREJO,COMERCIO
4520001,SERVICOS DE MANUTENCAO E REPARACAO MECANICA DE VEICULOS AUTOMOTORES,VAREJO,COMERCIO
1091102,FABRICACAO DE PRODUTOS DE PADARIA E CONFEITARIA COM PREDOMINANCIA DE PRODUCAO PROPRIA,BENS DE CONSUMO,INDUSTRIA
2539001,SERVICOS DE USINAGEM TORNEARIA E SOLDA,SIDERURGICA-METALURGIA,INDUSTRIA
8599699,OUTRAS ATIVIDADES DE ENSINO NAO ESPECIFICADAS ANTERIORMENTE,SERVICOS DE EDUCACAO,SERVICOS
4771701,COMERCIO VAREJISTA DE PRODUTOS FARMACEUTICOS SEM MANIPULACAO DE FORMULAS,VAREJO,COMERCIO
2391501,BRITAMENTO DE PEDRAS EXCETO ASSOCIADO A EXTRACAO,QUIMICA-PETROQUIMICA,INDUSTRIA
4399103,OBRAS DE ALVENARIA,INDUSTRIA DA CONSTRUCAO,CONSTRUCAO CIVIL
4759899,COMERCIO VAREJISTA DE OUTROS ARTIGOS DE USO PESSOAL E DOMESTICO NAO ESPECIFICADOS ANTERIORMENTE,VAREJO,COMERCIO
4713002,LOJAS DE VARIEDADES EXCETO LOJAS DE DEPARTAMENTOS OU MAGAZINES,VAREJO,COMERCIO
3831999,RECUPERACAO DE MATERIAIS METALICOS EXCETO ALUMINIO,SERVICOS DE SANEAMENTO BASICO,SERVICOS
8291100,ATIVIDADES DE COBRANCAS E INFORMACOES CADASTRAIS,SERVICOS ADMINISTRATIVOS,SERVICOS
1359600,FABRICACAO DE OUTROS PRODUTOS TEXTEIS NAO ESPECIFICADOS ANTERIORMENTE,TEXTEIS,INDUSTRIA
154700,CRIACAO DE SUINOS,PRODUTOS DE AGROPECUARIA,AGROPECUARIA
4711302,COMERCIO VAREJISTA DE MERCADORIAS EM GERAL COM PREDOMINANCIA DE PRODUTOS ALIMENTICIOS SUPERMERCADOS,VAREJO,COMERCIO
8230001,SERVICOS DE ORGANIZACAO DE FEIRAS CONGRESSOS EXPOSICOES E FESTAS,SERVICOS ADMINISTRATIVOS,SERVICOS
3101200,FABRICACAO DE MOVEIS COM PREDOMINANCIA DE MADEIRA,BENS DE CONSUMO,INDUSTRIA
4530703,COMERCIO A VAREJO DE PECAS E ACESSORIOS NOVOS PARA VEICULOS AUTOMOTORES,VAREJO,COMERCIO
1749400,FABRICACAO DE PRODUTOS DE PASTAS CELULOSICAS PAPEL CARTOLINA PAPEL CARTAO E PAPELAO ONDULADO NAO ESPECIFICADOS ANTERIORMENTE,PAPEL E CELULOSE,INDUSTRIA
4789003,COMERCIO VAREJISTA DE OBJETOS DE ARTE,VAREJO,COMERCIO
1096100,FABRICACAO DE ALIMENTOS E PRATOS PRONTOS,BENS DE CONSUMO,INDUSTRIA
9430800,ATIVIDADES DE ASSOCIACOES DE DEFESA DE DIREITOS SOCIAIS,SERVICOS DIVERSOS,SERVICOS
8512100,EDUCACAO INFANTIL PRE ESCOLA,SERVICOS DE EDUCACAO,SERVICOS
5611201,RESTAURANTES E SIMILARES,SERVICOS DE ALOJAMENTO/ALIMENTACAO,SERVICOS
4645101,COMERCIO ATACADISTA DE INSTRUMENTOS E MATERIAIS PARA USO MEDICO CIRURGICO HOSPITALAR E DE LABORATORIOS,ATACADO,COMERCIO
4634601,COMERCIO ATACADISTA DE CARNES BOVINAS E SUINAS E DERIVADOS,ATACADO,COMERCIO
9411100,ATIVIDADES DE ORGANIZACOES ASSOCIATIVAS PATRONAIS E EMPRESARIAIS,SERVICOS DIVERSOS,SERVICOS
4635403,COMERCIO ATACADISTA DE BEBIDAS COM ATIVIDADE DE FRACIONAMENTO E ACONDICIONAMENTO ASSOCIADA,ATACADO,COMERCIO
8411600,ADMINISTRACAO PUBLICA EM GERAL,SERVICOS DIVERSOS,SERVICOS
8640204,SERVICOS DE TOMOGRAFIA,SERVICOS DE SAUDE,SERVICOS
8712300,ATIVIDADES DE FORNECIMENTO DE INFRA ESTRUTURA DE APOIO E ASSISTENCIA A PACIENTE NO DOMICILIO,SERVICOS DE SAUDE,SERVICOS
4330404,SERVICOS DE PINTURA DE EDIFICIOS EM GERAL,INDUSTRIA DA CONSTRUCAO,CONSTRUCAO CIVIL
9601701,LAVANDERIAS,SERVICOS DIVERSOS,SERVICOS
5611204,BARES E OUTROS ESTABELECIMENTOS ESPECIALIZADOS EM SERVIR BEBIDAS SEM ENTRETENIMENTO,SERVICOS DE ALOJAMENTO/ALIMENTACAO,SERVICOS
9412099,OUTRAS ATIVIDADES ASSOCIATIVAS PROFISSIONAIS,SERVICOS DIVERSOS,SERVICOS
9700500,SERVICOS DOMESTICOS,SERVICOS DIVERSOS,SERVICOS
8630503,ATIVIDADE MEDICA AMBULATORIAL RESTRITA A CONSULTAS,SERVICOS DE SAUDE,SERVICOS
6619399,OUTRAS ATIVIDADES AUXILIARES DOS SERVICOS FINANCEIROS NAO ESPECIFICADAS ANTERIORMENTE,BENS DE CAPITAL,SERVICOS
1412602,CONFECCAO SOB MEDIDA DE PECAS DO VESTUARIO EXCETO ROUPAS INTIMAS,BENS DE CONSUMO,INDUSTRIA
1340599,OUTROS SERVICOS DE ACABAMENTO EM FIOS TECIDOS ARTEFATOS TEXTEIS E PECAS DO VESTUARIO,TEXTEIS,INDUSTRIA
1539400,FABRICACAO DE CALCADOS DE MATERIAIS NAO ESPECIFICADOS ANTERIORMENTE,BENS DE CONSUMO,INDUSTRIA
8423000,JUSTICA,SERVICOS DIVERSOS,SERVICOS
4724500,COMERCIO VAREJISTA DE HORTIFRUTIGRANJEIROS,VAREJO,COMERCIO
1041400,FABRICACAO DE OLEOS VEGETAIS EM BRUTO EXCETO OLEO DE MILHO,BENS DE CONSUMO,INDUSTRIA
6821801,CORRETAGEM NA COMPRA E VENDA E AVALIACAO DE IMOVEIS,SERVICOS ADMINISTRATIVOS,SERVICOS
6821802,CORRETAGEM NO ALUGUEL DE IMOVEIS,SERVICOS ADMINISTRATIVOS,SERVICOS
6911701,SERVICOS ADVOCATICIOS,SERVICOS PROFISSIONAIS E TECNICOS,SERVICOS
4755503,COMERCIO VAREJISTA DE ARTIGOS DE CAMA MESA E BANHO,VAREJO,COMERCIO
5819100,EDICAO DE CADASTROS LISTAS E DE OUTROS PRODUTOS GRAFICOS,TELECOM,SERVICOS
4110700,INCORPORACAO DE EMPREENDIMENTOS IMOBILIARIOS,INDUSTRIA DA CONSTRUCAO,CONSTRUCAO CIVIL
4763602,COMERCIO VAREJISTA DE ARTIGOS ESPORTIVOS,VAREJO,COMERCIO
7319003,MARKETING DIRETO,SERVICOS PROFISSIONAIS E TECNICOS,SERVICOS
9499500,ATIVIDADES ASSOCIATIVAS NAO ESPECIFICADAS ANTERIORMENTE,SERVICOS DIVERSOS,SERVICOS
1813001,IMPRESSAO DE MATERIAL PARA USO PUBLICITARIO,PAPEL E CELULOSE,INDUSTRIA
9529199,REPARACAO E MANUTENCAO DE OUTROS OBJETOS E EQUIPAMENTOS PESSOAIS E DOMESTICOS NAO ESPECIFICADOS ANTERIORMENTE,SERVICOS PROFISSIONAIS E TECNICOS,SERVICOS
4744001,COMERCIO VAREJISTA DE FERRAGENS E FERRAMENTAS,VAREJO,COMERCIO
1412601,CONFECCAO DE PECAS DE VESTUARIO EXCETO ROUPAS INTIMAS E AS CONFECCIONADAS SOB MEDIDA,BENS DE CONSUMO,INDUSTRIA
4633801,COMERCIO ATACADISTA DE FRUTAS VERDURAS RAIZES TUBERCULOS HORTALICAS E LEGUMES FRESCOS,ATACADO,COMERCIO
8130300,ATIVIDADES PAISAGISTICAS,SERVICOS ADMINISTRATIVOS,SERVICOS
3321000,INSTALACAO DE MAQUINAS E EQUIPAMENTOS INDUSTRIAIS,SERVICOS DIVERSOS,SERVICOS
9491000,ATIVIDADES DE ORGANIZACOES RELIGIOSAS OU FILOSOFICAS,SERVICOS DIVERSOS,SERVICOS
9420100,ATIVIDADES DE ORGANIZACOES SINDICAIS,SERVICOS DIVERSOS,SERVICOS
9602502,ATIVIDADES DE ESTETICA E OUTROS SERVICOS DE CUIDADOS COM A BELEZA,SERVICOS DIVERSOS,SERVICOS
4751201,COMERCIO VAREJISTA ESPECIALIZADO DE EQUIPAMENTOS E SUPRIMENTOS DE INFORMATICA,VAREJO,COMERCIO
5812302,EDICAO DE JORNAIS NAO DIARIOS,TELECOM,SERVICOS
6202300,DESENVOLVIMENTO E LICENCIAMENTO DE PROGRAMAS DE COMPUTADOR CUSTOMIZAVEIS,INDUSTRIA DIGITAL,SERVICOS
5229099,OUTRAS ATIVIDADES AUXILIARES DOS TRANSPORTES TERRESTRES NAO ESPECIFICADAS ANTERIORMENTE,TRANSPORTE,SERVICOS
9001902,PRODUCAO MUSICAL,SERVICOS DIVERSOS,SERVICOS
7729202,ALUGUEL DE MOVEIS UTENSILIOS E APARELHOS DE USO DOMESTICO E PESSOAL INSTRUMENTOS MUSICAIS,SERVICOS ADMINISTRATIVOS,SERVICOS
4923002,SERVICO DE TRANSPORTE DE PASSAGEIROS LOCACAO DE AUTOMOVEIS COM MOTORISTA,TRANSPORTE,SERVICOS
4520002,SERVICOS DE LANTERNAGEM OU FUNILARIA E PINTURA DE VEICULOS AUTOMOTORES,VAREJO,COMERCIO
8211300,SERVICOS COMBINADOS DE ESCRITORIO E APOIO ADMINISTRATIVO,SERVICOS ADMINISTRATIVOS,SERVICOS
9603304,SERVICOS DE FUNERARIAS,SERVICOS DIVERSOS,SERVICOS
4784900,COMERCIO VAREJISTA DE GAS LIQUEFEITO DE PETROLEO GLP,VAREJO,COMERCIO
151201,CRIACAO DE BOVINOS PARA CORTE,PRODUTOS DE AGROPECUARIA,AGROPECUARIA
4330403,OBRAS DE ACABAMENTO EM GESSO E ESTUQUE,INDUSTRIA DA CONSTRUCAO,CONSTRUCAO CIVIL
7311400,AGENCIAS DE PUBLICIDADE,SERVICOS PROFISSIONAIS E TECNICOS,SERVICOS
4789002,COMERCIO VAREJISTA DE PLANTAS E FLORES NATURAIS,VAREJO,COMERCIO
7420001,ATIVIDADES DE PRODUCAO DE FOTOGRAFIAS EXCETO AEREA E SUBMARINA,SERVICOS PROFISSIONAIS E TECNICOS,SERVICOS
8020001,ATIVIDADES DE MONITORAMENTO DE SISTEMAS DE SEGURANCA ELETRONICO,SERVICOS ADMINISTRATIVOS,SERVICOS
2512800,FABRICACAO DE ESQUADRIAS DE METAL,SIDERURGICA-METALURGIA,INDUSTRIA
4783102,COMERCIO VAREJISTA DE ARTIGOS DE RELOJOARIA,VAREJO,COMERCIO
2319200,FABRICACAO DE ARTIGOS DE VIDRO,QUIMICA-PETROQUIMICA,INDUSTRIA
4930202,TRANSPORTE RODOVIARIO DE CARGA EXCETO PRODUTOS PERIGOSOS E MUDANCAS INTERMUNICIPAL INTERESTADUAL E INTERNACIONAL,TRANSPORTE,SERVICOS
7490104,ATIVIDADES DE INTERMEDIACAO E AGENCIAMENTO DE SERVICOS E NEGOCIOS EM GERAL EXCETO IMOBILIARIOS,SERVICOS PROFISSIONAIS E TECNICOS,SERVICOS
161099,ATIVIDADES DE APOIO A AGRICULTURA NAO ESPECIFICADAS ANTERIORMENTE,PRODUTOS DE AGROPECUARIA,AGROPECUARIA
4742300,COMERCIO VAREJISTA DE MATERIAL ELETRICO,VAREJO,COMERCIO
4753900,COMERCIO VAREJISTA ESPECIALIZADO DE ELETRODOMESTICOS E EQUIPAMENTOS DE AUDIO E VIDEO,VAREJO,COMERCIO
4743100,COMERCIO VAREJISTA DE VIDROS,VAREJO,COMERCIO
4723700,COMERCIO VAREJISTA DE BEBIDAS,VAREJO,COMERCIO
4682600,COMERCIO ATACADISTA DE GAS LIQUEFEITO DE PETROLEO GLP,ATACADO,COMERCIO
4623199,COMERCIO ATACADISTA DE MATERIAS PRIMAS AGRICOLAS NAO ESPECIFICADAS ANTERIORMENTE,ATACADO,COMERCIO
1411802,FACCAO DE ROUPAS INTIMAS,BENS DE CONSUMO,INDUSTRIA
4621400,COMERCIO ATACADISTA DE CAFE EM GRAO,ATACADO,COMERCIO
4929901,TRANSPORTE RODOVIARIO COLETIVO DE PASSAGEIROS SOB REGIME DE FRETAMENTO MUNICIPAL,TRANSPORTE,SERVICOS
9492800,ATIVIDADES DE ORGANIZACOES POLITICAS,SERVICOS DIVERSOS,SERVICOS
4637199,COMERCIO ATACADISTA ESPECIALIZADO EM OUTROS PRODUTOS ALIMENTICIOS NAO ESPECIFICADOS ANTERIORMENTE,ATACADO,COMERCIO
4520005,SERVICOS DE LAVAGEM LUBRIFICACAO E POLIMENTO DE VEICULOS AUTOMOTORES,VAREJO,COMERCIO
6209100,SUPORTE TECNICO MANUTENCAO E OUTROS SERVICOS EM TECNOLOGIA DA INFORMACAO,INDUSTRIA DIGITAL,SERVICOS
3313999,MANUTENCAO E REPARACAO DE MAQUINAS APARELHOS E MATERIAIS ELETRICOS NAO ESPECIFICADOS ANTERIORMENTE,SERVICOS DIVERSOS,SERVICOS
4623106,COMERCIO ATACADISTA DE SEMENTES FLORES PLANTAS E GRAMAS,ATACADO,COMERCIO
3103900,FABRICACAO DE MOVEIS DE OUTROS MATERIAIS EXCETO MADEIRA E METAL,BENS DE CONSUMO,INDUSTRIA
5099899,OUTROS TRANSPORTES AQUAVIARIOS NAO ESPECIFICADOS ANTERIORMENTE,TRANSPORTE,SERVICOS
4722902,PEIXARIA,VAREJO,COMERCIO
4731800,COMERCIO VAREJISTA DE COMBUSTIVEIS PARA VEICULOS AUTOMOTORES,VAREJO,COMERCIO
5611205,BARES E OUTROS ESTABELECIMENTOS ESPECIALIZADOS EM SERVIR BEBIDAS COM ENTRETENIMENTO,SERVICOS DE ALOJAMENTO/ALIMENTACAO,SERVICOS
8630502,ATIVIDADE MEDICA AMBULATORIAL COM RECURSOS PARA REALIZACAO DE EXAMES COMPLEMENTARES,SERVICOS DE SAUDE,SERVICOS
6920601,ATIVIDADES DE CONTABILIDADE,SERVICOS PROFISSIONAIS E TECNICOS,SERVICOS
2330301,FABRICACAO DE ESTRUTURAS PRE MOLDADAS DE CONCRETO ARMADO EM SERIE E SOB ENCOMENDA,QUIMICA-PETROQUIMICA,INDUSTRIA
8630599,ATIVIDADES DE ATENCAO AMBULATORIAL NAO ESPECIFICADAS ANTERIORMENTE,SERVICOS DE SAUDE,SERVICOS
9511800,REPARACAO E MANUTENCAO DE COMPUTADORES E DE EQUIPAMENTOS PERIFERICOS,SERVICOS PROFISSIONAIS E TECNICOS,SERVICOS
6470101,FUNDOS DE INVESTIMENTO EXCETO PREVIDENCIARIOS E IMOBILIARIOS,BENS DE CAPITAL,SERVICOS
4322302,INSTALACAO E MANUTENCAO DE SISTEMAS CENTRAIS DE AR CONDICIONADO DE VENTILACAO E REFRIGERACAO,INDUSTRIA DA CONSTRUCAO,CONSTRUCAO CIVIL
9529102,CHAVEIROS,SERVICOS PROFISSIONAIS E TECNICOS,SERVICOS
2229399,FABRICACAO DE ARTEFATOS DE MATERIAL PLASTICO PARA OUTROS USOS NAO ESPECIFICADOS ANTERIORMENTE,QUIMICA-PETROQUIMICA,INDUSTRIA
7112000,SERVICOS DE ENGENHARIA,SERVICOS PROFISSIONAIS E TECNICOS,SERVICOS
9529104,REPARACAO DE BICICLETAS TRICICLOS E OUTROS VEICULOS NAO MOTORIZADOS,SERVICOS PROFISSIONAIS E TECNICOS,SERVICOS
5620102,SERVICOS DE ALIMENTACAO PARA EVENTOS E RECEPCOES BUFE,SERVICOS DE ALOJAMENTO/ALIMENTACAO,SERVICOS
4722901,COMERCIO VAREJISTA DE CARNES ACOUGUES,VAREJO,COMERCIO
8599603,TREINAMENTO EM INFORMATICA,SERVICOS DE EDUCACAO,SERVICOS
3314707,MANUTENCAO E REPARACAO DE MAQUINAS E APARELHOS DE REFRIGERACAO E VENTILACAO PARA USO INDUSTRIAL E COMERCIAL,SERVICOS DIVERSOS,SERVICOS
6201501,DESENVOLVIMENTO DE PROGRAMAS DE COMPUTADOR SOB ENCOMENDA,INDUSTRIA DIGITAL,SERVICOS
1813099,IMPRESSAO DE MATERIAL PARA OUTROS USOS,PAPEL E CELULOSE,INDUSTRIA
8800600,SERVICOS DE ASSISTENCIA SOCIAL SEM ALOJAMENTO,SERVICOS DE SAUDE,SERVICOS
5590603,PENSOES ALOJAMENTO,SERVICOS DE ALOJAMENTO/ALIMENTACAO,SERVICOS
3212400,FABRICACAO DE BIJUTERIAS E ARTEFATOS SEMELHANTES,DIVERSOS,INDUSTRIA
8630504,ATIVIDADE ODONTOLOGICA,SERVICOS DE SAUDE,SERVICOS
4615000,REPRESENTANTES COMERCIAIS E AGENTES DO COMERCIO DE ELETRODOMESTICOS MOVEIS E ARTIGOS DE USO DOMESTICO,ATACADO,COMERCIO
4782201,COMERCIO VAREJISTA DE CALCADOS,VAREJO,COMERCIO
4789005,COMERCIO VAREJISTA DE PRODUTOS SANEANTES DOMISSANITARIOS,VAREJO,COMERCIO
7020400,ATIVIDADES DE CONSULTORIA EM GESTAO EMPRESARIAL EXCETO CONSULTORIA TECNICA ESPECIFICA,SERVICOS PROFISSIONAIS E TECNICOS,SERVICOS
4729699,COMERCIO VAREJISTA DE PRODUTOS ALIMENTICIOS EM GERAL OU ESPECIALIZADO EM PRODUTOS ALIMENTICIOS NAO ESPECIFICADOS ANTERIORMENTE,VAREJO,COMERCIO
4755502,COMERCIO VAREJISTA DE ARTIGOS DE ARMARINHO,VAREJO,COMERCIO
4511102,COMERCIO A VAREJO DE AUTOMOVEIS CAMIONETAS E UTILITARIOS USADOS,VAREJO,COMERCIO
8599605,CURSOS PREPARATORIOS PARA CONCURSOS,SERVICOS DE EDUCACAO,SERVICOS
5320201,SERVICOS DE MALOTE NAO REALIZADOS PELO CORREIO NACIONAL,TRANSPORTE,SERVICOS
8610102,ATIVIDADES DE ATENDIMENTO EM PRONTO SOCORRO E UNIDADES HOSPITALARES PARA ATENDIMENTO A URGENCIAS,SERVICOS DE SAUDE,SERVICOS
4761001,COMERCIO VAREJISTA DE LIVROS,VAREJO,COMERCIO
4752100,COMERCIO VAREJISTA ESPECIALIZADO DE EQUIPAMENTOS DE TELEFONIA E COMUNICACAO,VAREJO,COMERCIO
6421200,BANCOS COMERCIAIS,BENS DE CAPITAL,SERVICOS
8550302,ATIVIDADES DE APOIO A EDUCACAO EXCETO CAIXAS ESCOLARES,SERVICOS DE EDUCACAO,SERVICOS
111302,CULTIVO DE MILHO,PRODUTOS DE AGROPECUARIA,AGROPECUARIA
161003,SERVICO DE PREPARACAO DE TERRENO CULTIVO E COLHEITA,PRODUTOS DE AGROPECUARIA,AGROPECUARIA
8299799,OUTRAS ATIVIDADES DE SERVICOS PRESTADOS PRINCIPALMENTE AS EMPRESAS NAO ESPECIFICADAS ANTERIORMENTE,SERVICOS ADMINISTRATIVOS,SERVICOS
220904,COLETA DE LATEX EM FLORESTAS NATIVAS,PRODUTOS DE AGROPECUARIA,AGROPECUARIA
3312102,MANUTENCAO E REPARACAO DE APARELHOS E INSTRUMENTOS DE MEDIDA TESTE E CONTROLE,SERVICOS DIVERSOS,SERVICOS
810002,EXTRACAO DE GRANITO E BENEFICIAMENTO ASSOCIADO,MINERACAO,INDUSTRIA
9603301,GESTAO E MANUTENCAO DE CEMITERIOS,SERVICOS DIVERSOS,SERVICOS
7810800,SELECAO E AGENCIAMENTO DE MAO DE OBRA,SERVICOS ADMINISTRATIVOS,SERVICOS
4924800,TRANSPORTE ESCOLAR,TRANSPORTE,SERVICOS
8650004,ATIVIDADES DE FISIOTERAPIA,SERVICOS DE SAUDE,SERVICOS
4729601,TABACARIA,VAREJO,COMERCIO
4763601,COMERCIO VAREJISTA DE BRINQUEDOS E ARTIGOS RECREATIVOS,VAREJO,COMERCIO
113000,CULTIVO DE CANA DE ACUCAR,PRODUTOS DE AGROPECUARIA,AGROPECUARIA
6203100,DESENVOLVIMENTO E LICENCIAMENTO DE PROGRAMAS DE COMPUTADOR NAO CUSTOMIZAVEIS,INDUSTRIA DIGITAL,SERVICOS
6463800,OUTRAS SOCIEDADES DE PARTICIPACAO EXCETO HOLDINGS,BENS DE CAPITAL,SERVICOS
4330499,OUTRAS OBRAS DE ACABAMENTO DA CONSTRUCAO,INDUSTRIA DA CONSTRUCAO,CONSTRUCAO CIVIL
9319199,OUTRAS ATIVIDADES ESPORTIVAS NAO ESPECIFICADAS ANTERIORMENTE,SERVICOS DIVERSOS,SERVICOS
3299099,FABRICACAO DE PRODUTOS DIVERSOS NAO ESPECIFICADOS ANTERIORMENTE,DIVERSOS,INDUSTRIA
1821100,SERVICOS DE PRE IMPRESSAO,PAPEL E CELULOSE,INDUSTRIA
9313100,ATIVIDADES DE CONDICIONAMENTO FISICO,SERVICOS DIVERSOS,SERVICOS
8422100,DEFESA,SERVICOS DIVERSOS,SERVICOS
4789008,COMERCIO VAREJISTA DE ARTIGOS FOTOGRAFICOS E PARA FILMAGEM,VAREJO,COMERCIO
9329804,EXPLORACAO DE JOGOS ELETRONICOS RECREATIVOS,SERVICOS DIVERSOS,SERVICOS
133499,CULTIVO DE FRUTAS DE LAVOURA PERMANENTE NAO ESPECIFICADAS ANTERIORMENTE,PRODUTOS DE AGROPECUARIA,AGROPECUARIA
4530705,COMERCIO A VAREJO DE PNEUMATICOS E CAMARAS DE AR,VAREJO,COMERCIO
9521500,REPARACAO E MANUTENCAO DE EQUIPAMENTOS ELETROELETRONICOS DE USO PESSOAL E DOMESTICO,SERVICOS PROFISSIONAIS E TECNICOS,SERVICOS
6622300,CORRETORES E AGENTES DE SEGUROS DE PLANOS DE PREVIDENCIA COMPLEMENTAR E DE SAUDE,BENS DE CAPITAL,SERVICOS
155504,CRIACAO DE AVES EXCETO GALINACEOS,PRODUTOS DE AGROPECUARIA,AGROPECUARIA
4721104,COMERCIO VAREJISTA DE DOCES BALAS BOMBONS E SEMELHANTES,VAREJO,COMERCIO
4541201,COMERCIO POR ATACADO DE MOTOCICLETAS E MOTONETAS,VAREJO,COMERCIO
9609208,HIGIENE E EMBELEZAMENTO DE ANIMAIS DOMESTICOS,SERVICOS DIVERSOS,SERVICOS
4921301,TRANSPORTE RODOVIARIO COLETIVO DE PASSAGEIROS COM ITINERARIO FIXO MUNICIPAL,TRANSPORTE,SERVICOS
4930204,TRANSPORTE RODOVIARIO DE MUDANCAS,TRANSPORTE,SERVICOS
9601703,TOALHEIROS,SERVICOS DIVERSOS,SERVICOS
4763604,COMERCIO VAREJISTA DE ARTIGOS DE CACA PESCA E CAMPING,VAREJO,COMERCIO
3012100,CONSTRUCAO DE EMBARCACOES PARA ESPORTE E LAZER,INDUSTRIA AUTOMOTIVA,INDUSTRIA
4329101,INSTALACAO DE PAINEIS PUBLICITARIOS,INDUSTRIA DA CONSTRUCAO,CONSTRUCAO CIVIL
0,ATIVIDADE NAO INFORMADA,RAMO NAO INFORMADO,SETOR NAO INFORMADO
230600,ATIVIDADES DE APOIO A PRODUCAO FLORESTAL,PRODUTOS DE AGROPECUARIA,AGROPECUARIA
6190601,PROVEDORES DE ACESSO AS REDES DE COMUNICACOES,TELECOM,SERVICOS
8640203,SERVICOS DE DIALISE E NEFROLOGIA,SERVICOS DE SAUDE,SERVICOS
4691500,COMERCIO ATACADISTA DE MERCADORIAS EM GERAL COM PREDOMINANCIA DE PRODUTOS ALIMENTICIOS,ATACADO,COMERCIO
4330405,APLICACAO DE REVESTIMENTOS E DE RESINAS EM INTERIORES E EXTERIORES,INDUSTRIA DA CONSTRUCAO,CONSTRUCAO CIVIL
1540800,FABRICACAO DE PARTES PARA CALCADOS DE QUALQUER MATERIAL,BENS DE CONSUMO,INDUSTRIA
4663000,COMERCIO ATACADISTA DE MAQUINAS E EQUIPAMENTOS PARA USO INDUSTRIAL PARTES E PECAS,ATACADO,COMERCIO
5812301,EDICAO DE JORNAIS DIARIOS,TELECOM,SERVICOS
2829199,FABRICACAO DE OUTRAS MAQUINAS E EQUIPAMENTOS DE USO GERAL NAO ESPECIFICADOS ANTERIORMENTE PECAS E ACESSORIOS,SIDERURGICA-METALURGIA,INDUSTRIA
1094500,FABRICACAO DE MASSAS ALIMENTICIAS,BENS DE CONSUMO,INDUSTRIA
4713004,LOJAS DE DEPARTAMENTOS OU MAGAZINES EXCETO LOJAS FRANCAS DUTY FREE,VAREJO,COMERCIO
2099199,FABRICACAO DE OUTROS PRODUTOS QUIMICOS NAO ESPECIFICADOS ANTERIORMENTE,QUIMICA-PETROQUIMICA,INDUSTRIA
151202,CRIACAO DE BOVINOS PARA LEITE,PRODUTOS DE AGROPECUARIA,AGROPECUARIA
139306,CULTIVO DE SERINGUEIRA,PRODUTOS DE AGROPECUARIA,AGROPECUARIA
5912099,ATIVIDADES DE POS PRODUCAO CINEMATOGRAFICA DE VIDEOS E DE PROGRAMAS DE TELEVISAO NAO ESPECIFICADAS ANTERIORMENTE,TELECOM,SERVICOS
8111700,SERVICOS COMBINADOS PARA APOIO A EDIFICIOS EXCETO CONDOMINIOS PREDIAIS,SERVICOS ADMINISTRATIVOS,SERVICOS
9512600,REPARACAO E MANUTENCAO DE EQUIPAMENTOS DE COMUNICACAO,SERVICOS PROFISSIONAIS E TECNICOS,SERVICOS
7732201,ALUGUEL DE MAQUINAS E EQUIPAMENTOS PARA CONSTRUCAO SEM OPERADOR EXCETO ANDAIMES,SERVICOS ADMINISTRATIVOS,SERVICOS
4639701,COMERCIO ATACADISTA DE PRODUTOS ALIMENTICIOS EM GERAL,ATACADO,COMERCIO
8122200,IMUNIZACAO E CONTROLE DE PRAGAS URBANAS,SERVICOS ADMINISTRATIVOS,SERVICOS
4687703,COMERCIO ATACADISTA DE RESIDUOS E SUCATAS METALICOS,ATACADO,COMERCIO
6912500,CARTORIOS,SERVICOS PROFISSIONAIS E TECNICOS,SERVICOS
6190699,OUTRAS ATIVIDADES DE TELECOMUNICACOES NAO ESPECIFICADAS ANTERIORMENTE,TELECOM,SERVICOS
5211799,DEPOSITOS DE MERCADORIAS PARA TERCEIROS EXCETO ARMAZENS GERAIS E GUARDA MOVEIS,TRANSPORTE,SERVICOS
1622699,FABRICACAO DE OUTROS ARTIGOS DE CARPINTARIA PARA CONSTRUCAO,BENS DE CONSUMO,INDUSTRIA
4330402,INSTALACAO DE PORTAS JANELAS TETOS DIVISORIAS E ARMARIOS EMBUTIDOS DE QUALQUER MATERIAL,INDUSTRIA DA CONSTRUCAO,CONSTRUCAO CIVIL
4641903,COMERCIO ATACADISTA DE ARTIGOS DE ARMARINHO,ATACADO,COMERCIO
1012103,FRIGORIFICO ABATE DE SUINOS,BENS DE CONSUMO,INDUSTRIA
121101,HORTICULTURA EXCETO MORANGO,PRODUTOS DE AGROPECUARIA,AGROPECUARIA
6810201,COMPRA E VENDA DE IMOVEIS PROPRIOS,SERVICOS ADMINISTRATIVOS,SERVICOS
4679604,COMERCIO ATACADISTA ESPECIALIZADO DE MATERIAIS DE CONSTRUCAO NAO ESPECIFICADOS ANTERIORMENTE,ATACADO,COMERCIO
4686902,COMERCIO ATACADISTA DE EMBALAGENS,ATACADO,COMERCIO
4744005,COMERCIO VAREJISTA DE MATERIAIS DE CONSTRUCAO NAO ESPECIFICADOS ANTERIORMENTE,VAREJO,COMERCIO
6204000,CONSULTORIA EM TECNOLOGIA DA INFORMACAO,INDUSTRIA DIGITAL,SERVICOS
210199,PRODUCAO DE PRODUTOS NAO MADEIREIROS NAO ESPECIFICADOS ANTERIORMENTE EM FLORESTAS PLANTADAS,PRODUTOS DE AGROPECUARIA,AGROPECUARIA
4617600,REPRESENTANTES COMERCIAIS E AGENTES DO COMERCIO DE PRODUTOS ALIMENTICIOS BEBIDAS E FUMO,ATACADO,COMERCIO
1351100,FABRICACAO DE ARTEFATOS TEXTEIS PARA USO DOMESTICO,TEXTEIS,INDUSTRIA
4530701,COMERCIO POR ATACADO DE PECAS E ACESSORIOS NOVOS PARA VEICULOS AUTOMOTORES,VAREJO,COMERCIO
1052000,FABRICACAO DE LATICINIOS,BENS DE CONSUMO,INDUSTRIA
2945000,FABRICACAO DE MATERIAL ELETRICO E ELETRONICO PARA VEICULOS AUTOMOTORES EXCETO BATERIAS,INDUSTRIA AUTOMOTIVA,INDUSTRIA
9609299,OUTRAS ATIVIDADES DE SERVICOS PESSOAIS NAO ESPECIFICADAS ANTERIORMENTE,SERVICOS DIVERSOS,SERVICOS
4757100,COMERCIO VAREJISTA ESPECIALIZADO DE PECAS E ACESSORIOS PARA APARELHOS ELETROELETRONICOS PARA USO DOMESTICO EXCETO INFORMATICA E COMUNICACAO,VAREJO,COMERCIO
4649499,COMERCIO ATACADISTA DE OUTROS EQUIPAMENTOS E ARTIGOS DE USO PESSOAL E DOMESTICO NAO ESPECIFICADOS ANTERIORMENTE,ATACADO,COMERCIO
4511101,COMERCIO A VAREJO DE AUTOMOVEIS CAMIONETAS E UTILITARIOS NOVOS,VAREJO,COMERCIO
4744006,COMERCIO VAREJISTA DE PEDRAS PARA REVESTIMENTO,VAREJO,COMERCIO
5099801,TRANSPORTE AQUAVIARIO PARA PASSEIOS TURISTICOS,TRANSPORTE,SERVICOS
6810202,ALUGUEL DE IMOVEIS PROPRIOS,SERVICOS ADMINISTRATIVOS,SERVICOS
8621602,SERVICOS MOVEIS DE ATENDIMENTO A URGENCIAS EXCETO POR UTI MOVEL,SERVICOS DE SAUDE,SERVICOS
4930203,TRANSPORTE RODOVIARIO DE PRODUTOS PERIGOSOS,TRANSPORTE,SERVICOS
4763603,COMERCIO VAREJISTA DE BICICLETAS E TRICICLOS PECAS E ACESSORIOS,VAREJO,COMERCIO
9001999,ARTES CENICAS ESPETACULOS E ATIVIDADES COMPLEMENTARES NAO ESPECIFICADAS ANTERIORMENTE,SERVICOS DIVERSOS,SERVICOS
6822600,GESTAO E ADMINISTRACAO DA PROPRIEDADE IMOBILIARIA,SERVICOS ADMINISTRATIVOS,SERVICOS
5620101,FORNECIMENTO DE ALIMENTOS PREPARADOS PREPONDERANTEMENTE PARA EMPRESAS,SERVICOS DE ALOJAMENTO/ALIMENTACAO,SERVICOS
5211701,ARMAZENS GERAIS EMISSAO DE WARRANT,TRANSPORTE,SERVICOS
7739099,ALUGUEL DE OUTRAS MAQUINAS E EQUIPAMENTOS COMERCIAIS E INDUSTRIAIS NAO ESPECIFICADOS ANTERIORMENTE SEM OPERADOR,SERVICOS ADMINISTRATIVOS,SERVICOS
6319400,PORTAIS PROVEDORES DE CONTEUDO E OUTROS SERVICOS DE INFORMACAO NA INTERNET,INDUSTRIA DIGITAL,SERVICOS
4754701,COMERCIO VAREJISTA DE MOVEIS,VAREJO,COMERCIO
8592999,ENSINO DE ARTE E CULTURA NAO ESPECIFICADO ANTERIORMENTE,SERVICOS DE EDUCACAO,SERVICOS
8011101,ATIVIDADES DE VIGILANCIA E SEGURANCA PRIVADA,SERVICOS ADMINISTRATIVOS,SERVICOS
3600601,CAPTACAO TRATAMENTO E DISTRIBUICAO DE AGUA,SERVICOS DE SANEAMENTO BASICO,SERVICOS
7990200,SERVICOS DE RESERVAS E OUTROS SERVICOS DE TURISMO NAO ESPECIFICADOS ANTERIORMENTE,SERVICOS ADMINISTRATIVOS,SERVICOS
5510801,HOTEIS,SERVICOS DE ALOJAMENTO/ALIMENTACAO,SERVICOS
8599601,FORMACAO DE CONDUTORES,SERVICOS DE EDUCACAO,SERVICOS
4773300,COMERCIO VAREJISTA DE ARTIGOS MEDICOS E ORTOPEDICOS,VAREJO,COMERCIO
133402,CULTIVO DE BANANA,PRODUTOS DE AGROPECUARIA,AGROPECUARIA
7719599,LOCACAO DE OUTROS MEIOS DE TRANSPORTE NAO ESPECIFICADOS ANTERIORMENTE SEM CONDUTOR,SERVICOS ADMINISTRATIVOS,SERVICOS
4751202,RECARGA DE CARTUCHOS PARA EQUIPAMENTOS DE INFORMATICA,VAREJO,COMERCIO
4929902,TRANSPORTE RODOVIARIO COLETIVO DE PASSAGEIROS SOB REGIME DE FRETAMENTO INTERMUNICIPAL INTERESTADUAL E INTERNACIONAL,TRANSPORTE,SERVICOS
1340501,ESTAMPARIA E TEXTURIZACAO EM FIOS TECIDOS ARTEFATOS TEXTEIS E PECAS DO VESTUARIO,TEXTEIS,INDUSTRIA
8593700,ENSINO DE IDIOMAS,SERVICOS DE EDUCACAO,SERVICOS
4774100,COMERCIO VAREJISTA DE ARTIGOS DE OPTICA,VAREJO,COMERCIO
1071600,FABRICACAO DE ACUCAR EM BRUTO,BENS DE CONSUMO,INDUSTRIA
2542000,FABRICACAO DE ARTIGOS DE SERRALHERIA EXCETO ESQUADRIAS,SIDERURGICA-METALURGIA,INDUSTRIA
4674500,COMERCIO ATACADISTA DE CIMENTO,ATACADO,COMERCIO
6810203,LOTEAMENTO DE IMOVEIS PROPRIOS,SERVICOS ADMINISTRATIVOS,SERVICOS
6391700,AGENCIAS DE NOTICIAS,INDUSTRIA DIGITAL,SERVICOS
7733100,ALUGUEL DE MAQUINAS E EQUIPAMENTOS PARA ESCRITORIOS,SERVICOS ADMINISTRATIVOS,SERVICOS
4785799,COMERCIO VAREJISTA DE OUTROS ARTIGOS USADOS,VAREJO,COMERCIO
2822402,FABRICACAO DE MAQUINAS EQUIPAMENTOS E APARELHOS PARA TRANSPORTE E ELEVACAO DE CARGAS PECAS E ACESSORIOS,SIDERURGICA-METALURGIA,INDUSTRIA
3839401,USINAS DE COMPOSTAGEM,SERVICOS DE SANEAMENTO BASICO,SERVICOS
4744002,COMERCIO VAREJISTA DE MADEIRA E ARTEFATOS,VAREJO,COMERCIO
1412603,FACCAO DE PECAS DO VESTUARIO EXCETO ROUPAS INTIMAS,BENS DE CONSUMO,INDUSTRIA
4618499,OUTROS REPRESENTANTES COMERCIAIS E AGENTES DO COMERCIO ESPECIALIZADO EM PRODUTOS NAO ESPECIFICADOS ANTERIORMENTE,ATACADO,COMERCIO
9329801,DISCOTECAS DANCETERIAS SALOES DE DANCA E SIMILARES,SERVICOS DIVERSOS,SERVICOS
8513900,ENSINO FUNDAMENTAL,SERVICOS DE EDUCACAO,SERVICOS
4520007,SERVICOS DE INSTALACAO MANUTENCAO E REPARACAO DE ACESSORIOS PARA VEICULOS AUTOMOTORES,VAREJO,COMERCIO
4789001,COMERCIO VAREJISTA DE SUVENIRES BIJUTERIAS E ARTESANATOS,VAREJO,COMERCIO
5212500,CARGA E DESCARGA,TRANSPORTE,SERVICOS
1529700,FABRICACAO DE ARTEFATOS DE COURO NAO ESPECIFICADOS ANTERIORMENTE,BENS DE CONSUMO,INDUSTRIA
4721103,COMERCIO VAREJISTA DE LATICINIOS E FRIOS,VAREJO,COMERCIO
8650003,ATIVIDADES DE PSICOLOGIA E PSICANALISE,SERVICOS DE SAUDE,SERVICOS
6470103,FUNDOS DE INVESTIMENTO IMOBILIARIOS,BENS DE CAPITAL,SERVICOS
4619200,REPRESENTANTES COMERCIAIS E AGENTES DO COMERCIO DE MERCADORIAS EM GERAL NAO ESPECIALIZADO,ATACADO,COMERCIO
133410,CULTIVO DE MANGA,PRODUTOS DE AGROPECUARIA,AGROPECUARIA
1095300,FABRICACAO DE ESPECIARIAS MOLHOS TEMPEROS E CONDIMENTOS,BENS DE CONSUMO,INDUSTRIA
4211101,CONSTRUCAO DE RODOVIAS E FERROVIAS,INDUSTRIA DA CONSTRUCAO,CONSTRUCAO CIVIL
3314799,MANUTENCAO E REPARACAO DE OUTRAS MAQUINAS E EQUIPAMENTOS PARA USOS INDUSTRIAIS NAO ESPECIFICADOS ANTERIORMENTE,SERVICOS DIVERSOS,SERVICOS
4762800,COMERCIO VAREJISTA DE DISCOS CDS DVDS E FITAS,VAREJO,COMERCIO
115600,CULTIVO DE SOJA,PRODUTOS DE AGROPECUARIA,AGROPECUARIA
1629301,FABRICACAO DE ARTEFATOS DIVERSOS DE MADEIRA EXCETO MOVEIS,BENS DE CONSUMO,INDUSTRIA
4642701,COMERCIO ATACADISTA DE ARTIGOS DO VESTUARIO E ACESSORIOS EXCETO PROFISSIONAIS E DE SEGURANCA,ATACADO,COMERCIO
133404,CULTIVO DE CITRICOS EXCETO LARANJA,PRODUTOS DE AGROPECUARIA,AGROPECUARIA
3211602,FABRICACAO DE ARTEFATOS DE JOALHERIA E OURIVESARIA,DIVERSOS,INDUSTRIA
4759801,COMERCIO VAREJISTA DE ARTIGOS DE TAPECARIA CORTINAS E PERSIANAS,VAREJO,COMERCIO
4683400,COMERCIO ATACADISTA DE DEFENSIVOS AGRICOLAS ADUBOS FERTILIZANTES E CORRETIVOS DO SOLO,ATACADO,COMERCIO
7119703,SERVICOS DE DESENHO TECNICO RELACIONADOS A ARQUITETURA E ENGENHARIA,SERVICOS PROFISSIONAIS E TECNICOS,SERVICOS
3314713,MANUTENCAO E REPARACAO DE MAQUINAS FERRAMENTA,SERVICOS DIVERSOS,SERVICOS
4322301,INSTALACOES HIDRAULICAS SANITARIAS E DE GAS,INDUSTRIA DA CONSTRUCAO,CONSTRUCAO CIVIL
8640202,LABORATORIOS CLINICOS,SERVICOS DE SAUDE,SERVICOS
3314711,MANUTENCAO E REPARACAO DE MAQUINAS E EQUIPAMENTOS PARA AGRICULTURA E PECUARIA,SERVICOS DIVERSOS,SERVICOS
2330399,FABRICACAO DE OUTROS ARTEFATOS E PRODUTOS DE CONCRETO CIMENTO FIBROCIMENTO GESSO E MATERIAIS SEMELHANTES,QUIMICA-PETROQUIMICA,INDUSTRIA
4623109,COMERCIO ATACADISTA DE ALIMENTOS PARA ANIMAIS,ATACADO,COMERCIO
3329501,SERVICOS DE MONTAGEM DE MOVEIS DE QUALQUER MATERIAL,SERVICOS DIVERSOS,SERVICOS
4616800,REPRESENTANTES COMERCIAIS E AGENTES DO COMERCIO DE TEXTEIS VESTUARIO CALCADOS E ARTIGOS DE VIAGEM,ATACADO,COMERCIO
8650099,ATIVIDADES DE PROFISSIONAIS DA AREA DE SAUDE NAO ESPECIFICADAS ANTERIORMENTE,SERVICOS DE SAUDE,SERVICOS
8591100,ENSINO DE ESPORTES,SERVICOS DE EDUCACAO,SERVICOS
1091101,FABRICACAO DE PRODUTOS DE PANIFICACAO INDUSTRIAL,BENS DE CONSUMO,INDUSTRIA
9001906,ATIVIDADES DE SONORIZACAO E DE ILUMINACAO,SERVICOS DIVERSOS,SERVICOS
8640299,ATIVIDADES DE SERVICOS DE COMPLEMENTACAO DIAGNOSTICA E TERAPEUTICA NAO ESPECIFICADAS ANTERIORMENTE,SERVICOS DE SAUDE,SERVICOS
1069400,MOAGEM E FABRICACAO DE PRODUTOS DE ORIGEM VEGETAL NAO ESPECIFICADOS ANTERIORMENTE,BENS DE CONSUMO,INDUSTRIA
1531901,FABRICACAO DE CALCADOS DE COURO,BENS DE CONSUMO,INDUSTRIA
4729602,COMERCIO VAREJISTA DE MERCADORIAS EM LOJAS DE CONVENIENCIA,VAREJO,COMERCIO
5229002,SERVICOS DE REBOQUE DE VEICULOS,TRANSPORTE,SERVICOS
4929903,ORGANIZACAO DE EXCURSOES EM VEICULOS RODOVIARIOS PROPRIOS MUNICIPAL,TRANSPORTE,SERVICOS
5911199,ATIVIDADES DE PRODUCAO CINEMATOGRAFICA DE VIDEOS E DE PROGRAMAS DE TELEVISAO NAO ESPECIFICADAS ANTERIORMENTE,TELECOM,SERVICOS
4543900,MANUTENCAO E REPARACAO DE MOTOCICLETAS E MOTONETAS,VAREJO,COMERCIO
8630501,ATIVIDADE MEDICA AMBULATORIAL COM RECURSOS PARA REALIZACAO DE PROCEDIMENTOS CIRURGICOS,SERVICOS DE SAUDE,SERVICOS
7111100,SERVICOS DE ARQUITETURA,SERVICOS PROFISSIONAIS E TECNICOS,SERVICOS
9529106,REPARACAO DE JOIAS,SERVICOS PROFISSIONAIS E TECNICOS,SERVICOS
8660700,ATIVIDADES DE APOIO A GESTAO DE SAUDE,SERVICOS DE SAUDE,SERVICOS
6436100,SOCIEDADES DE CREDITO FINANCIAMENTO E INVESTIMENTO FINANCEIRAS,BENS DE CAPITAL,SERVICOS
4512902,COMERCIO SOB CONSIGNACAO DE VEICULOS AUTOMOTORES,VAREJO,COMERCIO
4399199,SERVICOS ESPECIALIZADOS PARA CONSTRUCAO NAO ESPECIFICADOS ANTERIORMENTE,INDUSTRIA DA CONSTRUCAO,CONSTRUCAO CIVIL
4771704,COMERCIO VAREJISTA DE MEDICAMENTOS VETERINARIOS,VAREJO,COMERCIO
4783101,COMERCIO VAREJISTA DE ARTIGOS DE JOALHERIA,VAREJO,COMERCIO
116499,CULTIVO DE OUTRAS OLEAGINOSAS DE LAVOURA TEMPORARIA NAO ESPECIFICADAS ANTERIORMENTE,PRODUTOS DE AGROPECUARIA,AGROPECUARIA
151203,CRIACAO DE BOVINOS EXCETO PARA CORTE E LEITE,PRODUTOS DE AGROPECUARIA,AGROPECUARIA
7731400,ALUGUEL DE MAQUINAS E EQUIPAMENTOS AGRICOLAS SEM OPERADOR,SERVICOS ADMINISTRATIVOS,SERVICOS
4313400,OBRAS DE TERRAPLENAGEM,INDUSTRIA DA CONSTRUCAO,CONSTRUCAO CIVIL
7490103,SERVICOS DE AGRONOMIA E DE CONSULTORIA AS ATIVIDADES AGRICOLAS E PECUARIAS,SERVICOS PROFISSIONAIS E TECNICOS,SERVICOS
4711301,COMERCIO VAREJISTA DE MERCADORIAS EM GERAL COM PREDOMINANCIA DE PRODUTOS ALIMENTICIOS HIPERMERCADOS,VAREJO,COMERCIO
2062200,FABRICACAO DE PRODUTOS DE LIMPEZA E POLIMENTO,QUIMICA-PETROQUIMICA,INDUSTRIA
8610101,ATIVIDADES DE ATENDIMENTO HOSPITALAR EXCETO PRONTO SOCORRO E UNIDADES PARA ATENDIMENTO A URGENCIAS,SERVICOS DE SAUDE,SERVICOS
4618401,REPRESENTANTES COMERCIAIS E AGENTES DO COMERCIO DE MEDICAMENTOS COSMETICOS E PRODUTOS DE PERFUMARIA,ATACADO,COMERCIO
8121400,LIMPEZA EM PREDIOS E EM DOMICILIOS,SERVICOS ADMINISTRATIVOS,SERVICOS
3314710,MANUTENCAO E REPARACAO DE MAQUINAS E EQUIPAMENTOS PARA USO GERAL NAO ESPECIFICADOS ANTERIORMENTE,SERVICOS DIVERSOS,SERVICOS
4685100,COMERCIO ATACADISTA DE PRODUTOS SIDERURGICOS E METALURGICOS EXCETO PARA CONSTRUCAO,ATACADO,COMERCIO
1741901,FABRICACAO DE FORMULARIOS CONTINUOS,PAPEL E CELULOSE,INDUSTRIA
1411801,CONFECCAO DE ROUPAS INTIMAS,BENS DE CONSUMO,INDUSTRIA
2330302,FABRICACAO DE ARTEFATOS DE CIMENTO PARA USO NA CONSTRUCAO,QUIMICA-PETROQUIMICA,INDUSTRIA
7500100,ATIVIDADES VETERINARIAS,SERVICOS PROFISSIONAIS E TECNICOS,SERVICOS
4721102,PADARIA E CONFEITARIA COM PREDOMINANCIA DE REVENDA,VAREJO,COMERCIO
6422100,BANCOS MULTIPLOS COM CARTEIRA COMERCIAL,BENS DE CAPITAL,SERVICOS
3314720,MANUTENCAO E REPARACAO DE MAQUINAS E EQUIPAMENTOS PARA A INDUSTRIA TEXTIL DO VESTUARIO DO COURO E CALCADOS,SERVICOS DIVERSOS,SERVICOS
2599399,FABRICACAO DE OUTROS PRODUTOS DE METAL NAO ESPECIFICADOS ANTERIORMENTE,SIDERURGICA-METALURGIA,INDUSTRIA
8292000,ENVASAMENTO E EMPACOTAMENTO SOB CONTRATO,SERVICOS ADMINISTRATIVOS,SERVICOS
2229301,FABRICACAO DE ARTEFATOS DE MATERIAL PLASTICO PARA USO PESSOAL E DOMESTICO,QUIMICA-PETROQUIMICA,INDUSTRIA
4754702,COMERCIO VAREJISTA DE ARTIGOS DE COLCHOARIA,VAREJO,COMERCIO
4520003,SERVICOS DE MANUTENCAO E REPARACAO ELETRICA DE VEICULOS AUTOMOTORES,VAREJO,COMERCIO
4520006,SERVICOS DE BORRACHARIA PARA VEICULOS AUTOMOTORES,VAREJO,COMERCIO
4614100,REPRESENTANTES COMERCIAIS E AGENTES DO COMERCIO DE MAQUINAS EQUIPAMENTOS EMBARCACOES E AERONAVES,ATACADO,COMERCIO
3314702,MANUTENCAO E REPARACAO DE EQUIPAMENTOS HIDRAULICOS E PNEUMATICOS EXCETO VALVULAS,SERVICOS DIVERSOS,SERVICOS
1531902,ACABAMENTO DE CALCADOS DE COURO SOB CONTRATO,BENS DE CONSUMO,INDUSTRIA
1031700,FABRICACAO DE CONSERVAS DE FRUTAS,BENS DE CONSUMO,INDUSTRIA
1092900,FABRICACAO DE BISCOITOS E BOLACHAS,BENS DE CONSUMO,INDUSTRIA
8640207,SERVICOS DE DIAGNOSTICO POR IMAGEM SEM USO DE RADIACAO IONIZANTE EXCETO RESSONANCIA MAGNETICA,SERVICOS DE SAUDE,SERVICOS
4689301,COMERCIO ATACADISTA DE PRODUTOS DA EXTRACAO MINERAL EXCETO COMBUSTIVEIS,ATACADO,COMERCIO
163600,ATIVIDADES DE POS COLHEITA,PRODUTOS DE AGROPECUARIA,AGROPECUARIA
8129000,ATIVIDADES DE LIMPEZA NAO ESPECIFICADAS ANTERIORMENTE,SERVICOS ADMINISTRATIVOS,SERVICOS
4512901,REPRESENTANTES COMERCIAIS E AGENTES DO COMERCIO DE VEICULOS AUTOMOTORES,VAREJO,COMERCIO
3329599,INSTALACAO DE OUTROS EQUIPAMENTOS NAO ESPECIFICADOS ANTERIORMENTE,SERVICOS DIVERSOS,SERVICOS
9609206,SERVICOS DE TATUAGEM E COLOCACAO DE PIERCING,SERVICOS DIVERSOS,SERVICOS
3811400,COLETA DE RESIDUOS NAO PERIGOSOS,SERVICOS DE SANEAMENTO BASICO,SERVICOS
4646001,COMERCIO ATACADISTA DE COSMETICOS E PRODUTOS DE PERFUMARIA,ATACADO,COMERCIO
1066000,FABRICACAO DE ALIMENTOS PARA ANIMAIS,BENS DE CONSUMO,INDUSTRIA
4644301,COMERCIO ATACADISTA DE MEDICAMENTOS E DROGAS DE USO HUMANO,ATACADO,COMERCIO
7723300,ALUGUEL DE OBJETOS DO VESTUARIO JOIAS E ACESSORIOS,SERVICOS ADMINISTRATIVOS,SERVICOS
7420004,FILMAGEM DE FESTAS E EVENTOS,SERVICOS PROFISSIONAIS E TECNICOS,SERVICOS
5811500,EDICAO DE LIVROS,TELECOM,SERVICOS
8720499,ATIVIDADES DE ASSISTENCIA PSICOSSOCIAL E A SAUDE A PORTADORES DE DISTURBIOS PSIQUICOS DEFICIENCIA MENTAL E DEPENDENCIA QUIMICA E GRUPOS SIMILARES NAO ESPECIFICADAS ANTERIORMENTE,SERVICOS DE SAUDE,SERVICOS
4322303,INSTALACOES DE SISTEMA DE PREVENCAO CONTRA INCENDIO,INDUSTRIA DA CONSTRUCAO,CONSTRUCAO CIVIL
6621502,AUDITORIA E CONSULTORIA ATUARIAL,BENS DE CAPITAL,SERVICOS
7490101,SERVICOS DE TRADUCAO INTERPRETACAO E SIMILARES,SERVICOS PROFISSIONAIS E TECNICOS,SERVICOS
5310501,ATIVIDADES DO CORREIO NACIONAL,TRANSPORTE,SERVICOS
5813100,EDICAO DE REVISTAS,TELECOM,SERVICOS
4687701,COMERCIO ATACADISTA DE RESIDUOS DE PAPEL E PAPELAO,ATACADO,COMERCIO
9493600,ATIVIDADES DE ORGANIZACOES ASSOCIATIVAS LIGADAS A CULTURA E A ARTE,SERVICOS DIVERSOS,SERVICOS
4789007,COMERCIO VAREJISTA DE EQUIPAMENTOS PARA ESCRITORIO,VAREJO,COMERCIO
8299706,CASAS LOTERICAS,SERVICOS ADMINISTRATIVOS,SERVICOS
4611700,REPRESENTANTES COMERCIAIS E AGENTES DO COMERCIO DE MATERIAS PRIMAS AGRICOLAS E ANIMAIS VIVOS,ATACADO,COMERCIO
2423701,PRODUCAO DE TUBOS DE ACO SEM COSTURA,SIDERURGICA-METALURGIA,INDUSTRIA
4744003,COMERCIO VAREJISTA DE MATERIAIS HIDRAULICOS,VAREJO,COMERCIO
8650006,ATIVIDADES DE FONOAUDIOLOGIA,SERVICOS DE SAUDE,SERVICOS
4689399,COMERCIO ATACADISTA ESPECIALIZADO EM OUTROS PRODUTOS INTERMEDIARIOS NAO ESPECIFICADOS ANTERIORMENTE,ATACADO,COMERCIO
4641901,COMERCIO ATACADISTA DE TECIDOS,ATACADO,COMERCIO
4761002,COMERCIO VAREJISTA DE JORNAIS E REVISTAS,VAREJO,COMERCIO
6499901,CLUBES DE INVESTIMENTO,BENS DE CAPITAL,SERVICOS
4649408,COMERCIO ATACADISTA DE PRODUTOS DE HIGIENE LIMPEZA E CONSERVACAO DOMICILIAR,ATACADO,COMERCIO
1610203,SERRARIAS COM DESDOBRAMENTO DE MADEIRA EM BRUTO,BENS DE CONSUMO,INDUSTRIA
1422300,FABRICACAO DE ARTIGOS DO VESTUARIO PRODUZIDOS EM MALHARIAS E TRICOTAGENS EXCETO MEIAS,BENS DE CONSUMO,INDUSTRIA
2862300,FABRICACAO DE MAQUINAS E EQUIPAMENTOS PARA AS INDUSTRIAS DE ALIMENTOS BEBIDAS E FUMO PECAS E ACESSORIOS,SIDERURGICA-METALURGIA,INDUSTRIA
5590602,CAMPINGS,SERVICOS DE ALOJAMENTO/ALIMENTACAO,SERVICOS
9529105,REPARACAO DE ARTIGOS DO MOBILIARIO,SERVICOS PROFISSIONAIS E TECNICOS,SERVICOS
133401,CULTIVO DE ACAI,PRODUTOS DE AGROPECUARIA,AGROPECUARIA
7319099,OUTRAS ATIVIDADES DE PUBLICIDADE NAO ESPECIFICADAS ANTERIORMENTE,SERVICOS PROFISSIONAIS E TECNICOS,SERVICOS
6120599,SERVICOS DE TELECOMUNICACOES SEM FIO NAO ESPECIFICADOS ANTERIORMENTE,TELECOM,SERVICOS
9312300,CLUBES SOCIAIS ESPORTIVOS E SIMILARES,SERVICOS DIVERSOS,SERVICOS
3211601,LAPIDACAO DE GEMAS,DIVERSOS,INDUSTRIA
220901,EXTRACAO DE MADEIRA EM FLORESTAS NATIVAS,PRODUTOS DE AGROPECUARIA,AGROPECUARIA
2833000,FABRICACAO DE MAQUINAS E EQUIPAMENTOS PARA A AGRICULTURA E PECUARIA PECAS E ACESSORIOS EXCETO PARA IRRIGACAO,SIDERURGICA-METALURGIA,INDUSTRIA
4679602,COMERCIO ATACADISTA DE MARMORES E GRANITOS,ATACADO,COMERCIO
4634603,COMERCIO ATACADISTA DE PESCADOS E FRUTOS DO MAR,ATACADO,COMERCIO
1093701,FABRICACAO DE PRODUTOS DERIVADOS DO CACAU E DE CHOCOLATES,BENS DE CONSUMO,INDUSTRIA
4623101,COMERCIO ATACADISTA DE ANIMAIS VIVOS,ATACADO,COMERCIO
4221902,CONSTRUCAO DE ESTACOES E REDES DE DISTRIBUICAO DE ENERGIA ELETRICA,INDUSTRIA DA CONSTRUCAO,CONSTRUCAO CIVIL
9001905,PRODUCAO DE ESPETACULOS DE RODEIOS VAQUEJADAS E SIMILARES,SERVICOS DIVERSOS,SERVICOS
8511200,EDUCACAO INFANTIL CRECHE,SERVICOS DE EDUCACAO,SERVICOS
9601702,TINTURARIAS,SERVICOS DIVERSOS,SERVICOS
5829800,EDICAO INTEGRADA A IMPRESSAO DE CADASTROS LISTAS E DE OUTROS PRODUTOS GRAFICOS,TELECOM,SERVICOS
3831901,RECUPERACAO DE SUCATAS DE ALUMINIO,SERVICOS DE SANEAMENTO BASICO,SERVICOS
1112700,FABRICACAO DE VINHO,BENS DE CONSUMO,INDUSTRIA
6399200,OUTRAS ATIVIDADES DE PRESTACAO DE SERVICOS DE INFORMACAO NAO ESPECIFICADAS ANTERIORMENTE,INDUSTRIA DIGITAL,SERVICOS
9609207,ALOJAMENTO DE ANIMAIS DOMESTICOS,SERVICOS DIVERSOS,SERVICOS
2532201,PRODUCAO DE ARTEFATOS ESTAMPADOS DE METAL,SIDERURGICA-METALURGIA,INDUSTRIA
4649410,COMERCIO ATACADISTA DE JOIAS RELOGIOS E BIJUTERIAS INCLUSIVE PEDRAS PRECIOSAS E SEMIPRECIOSAS LAPIDADAS,ATACADO,COMERCIO
2930101,FABRICACAO DE CABINES CARROCERIAS E REBOQUES PARA CAMINHOES,INDUSTRIA AUTOMOTIVA,INDUSTRIA
8720401,ATIVIDADES DE CENTROS DE ASSISTENCIA PSICOSSOCIAL,SERVICOS DE SAUDE,SERVICOS
4613300,REPRESENTANTES COMERCIAIS E AGENTES DO COMERCIO DE MADEIRA MATERIAL DE CONSTRUCAO E FERRAGENS,ATACADO,COMERCIO
1413403,FACCAO DE ROUPAS PROFISSIONAIS,BENS DE CONSUMO,INDUSTRIA
210103,CULTIVO DE PINUS,PRODUTOS DE AGROPECUARIA,AGROPECUARIA
5250804,ORGANIZACAO LOGISTICA DO TRANSPORTE DE CARGA,TRANSPORTE,SERVICOS
7490199,OUTRAS ATIVIDADES PROFISSIONAIS CIENTIFICAS E TECNICAS NAO ESPECIFICADAS ANTERIORMENTE,SERVICOS PROFISSIONAIS E TECNICOS,SERVICOS
2424502,PRODUCAO DE RELAMINADOS TREFILADOS E PERFILADOS DE ACO EXCETO ARAMES,SIDERURGICA-METALURGIA,INDUSTRIA
2930103,FABRICACAO DE CABINES CARROCERIAS E REBOQUES PARA OUTROS VEICULOS AUTOMOTORES EXCETO CAMINHOES E ONIBUS,INDUSTRIA AUTOMOTIVA,INDUSTRIA
4755501,COMERCIO VAREJISTA DE TECIDOS,VAREJO,COMERCIO
4669901,COMERCIO ATACADISTA DE BOMBAS E COMPRESSORES PARTES E PECAS,ATACADO,COMERCIO
4649402,COMERCIO ATACADISTA DE APARELHOS ELETRONICOS DE USO PESSOAL E DOMESTICO,ATACADO,COMERCIO
132600,CULTIVO DE UVA,PRODUTOS DE AGROPECUARIA,AGROPECUARIA
8541400,EDUCACAO PROFISSIONAL DE NIVEL TECNICO,SERVICOS DE EDUCACAO,SERVICOS
1093702,FABRICACAO DE FRUTAS CRISTALIZADAS BALAS E SEMELHANTES,BENS DE CONSUMO,INDUSTRIA
2349499,FABRICACAO DE PRODUTOS CERAMICOS NAO REFRATARIOS NAO ESPECIFICADOS ANTERIORMENTE,QUIMICA-PETROQUIMICA,INDUSTRIA
4687702,COMERCIO ATACADISTA DE RESIDUOS E SUCATAS NAO METALICOS EXCETO DE PAPEL E PAPELAO,ATACADO,COMERCIO
4632001,COMERCIO ATACADISTA DE CEREAIS E LEGUMINOSAS BENEFICIADOS,ATACADO,COMERCIO
4641902,COMERCIO ATACADISTA DE ARTIGOS DE CAMA MESA E BANHO,ATACADO,COMERCIO
312401,PESCA DE PEIXES EM AGUA DOCE,PRODUTOS DE AGROPECUARIA,AGROPECUARIA
4679699,COMERCIO ATACADISTA DE MATERIAIS DE CONSTRUCAO EM GERAL,ATACADO,COMERCIO
6311900,TRATAMENTO DE DADOS PROVEDORES DE SERVICOS DE APLICACAO E SERVICOS DE HOSPEDAGEM NA INTERNET,INDUSTRIA DIGITAL,SERVICOS
2599301,SERVICOS DE CONFECCAO DE ARMACOES METALICAS PARA A CONSTRUCAO,SIDERURGICA-METALURGIA,INDUSTRIA
7740300,GESTAO DE ATIVOS INTANGIVEIS NAO FINANCEIROS,SERVICOS ADMINISTRATIVOS,SERVICOS
1521100,FABRICACAO DE ARTIGOS PARA VIAGEM BOLSAS E SEMELHANTES DE QUALQUER MATERIAL,BENS DE CONSUMO,INDUSTRIA
6491300,SOCIEDADES DE FOMENTO MERCANTIL FACTORING,BENS DE CAPITAL,SERVICOS
7490105,AGENCIAMENTO DE PROFISSIONAIS PARA ATIVIDADES ESPORTIVAS CULTURAIS E ARTISTICAS,SERVICOS PROFISSIONAIS E TECNICOS,SERVICOS
2949299,FABRICACAO DE OUTRAS PECAS E ACESSORIOS PARA VEICULOS AUTOMOTORES NAO ESPECIFICADAS ANTERIORMENTE,INDUSTRIA AUTOMOTIVA,INDUSTRIA
4530704,COMERCIO A VAREJO DE PECAS E ACESSORIOS USADOS PARA VEICULOS AUTOMOTORES,VAREJO,COMERCIO
7319004,CONSULTORIA EM PUBLICIDADE,SERVICOS PROFISSIONAIS E TECNICOS,SERVICOS
8520100,ENSINO MEDIO,SERVICOS DE EDUCACAO,SERVICOS
1610204,SERRARIAS SEM DESDOBRAMENTO DE MADEIRA EM BRUTO RESSERRAGEM,BENS DE CONSUMO,INDUSTRIA
4671100,COMERCIO ATACADISTA DE MADEIRA E PRODUTOS DERIVADOS,ATACADO,COMERCIO
112101,CULTIVO DE ALGODAO HERBACEO,PRODUTOS DE AGROPECUARIA,AGROPECUARIA
5590699,OUTROS ALOJAMENTOS NAO ESPECIFICADOS ANTERIORMENTE,SERVICOS DE ALOJAMENTO/ALIMENTACAO,SERVICOS
5021102,TRANSPORTE POR NAVEGACAO INTERIOR DE CARGA INTERMUNICIPAL INTERESTADUAL E INTERNACIONAL EXCETO TRAVESSIA,TRANSPORTE,SERVICOS
131800,CULTIVO DE LARANJA,PRODUTOS DE AGROPECUARIA,AGROPECUARIA
4679601,COMERCIO ATACADISTA DE TINTAS VERNIZES E SIMILARES,ATACADO,COMERCIO
4299599,OUTRAS OBRAS DE ENGENHARIA CIVIL NAO ESPECIFICADAS ANTERIORMENTE,INDUSTRIA DA CONSTRUCAO,CONSTRUCAO CIVIL
3832700,RECUPERACAO DE MATERIAIS PLASTICOS,SERVICOS DE SANEAMENTO BASICO,SERVICOS
1032599,FABRICACAO DE CONSERVAS DE LEGUMES E OUTROS VEGETAIS EXCETO PALMITO,BENS DE CONSUMO,INDUSTRIA
1081302,TORREFACAO E MOAGEM DE CAFE,BENS DE CONSUMO,INDUSTRIA
5510803,MOTEIS,SERVICOS DE ALOJAMENTO/ALIMENTACAO,SERVICOS
4635402,COMERCIO ATACADISTA DE CERVEJA CHOPE E REFRIGERANTE,ATACADO,COMERCIO
3299003,FABRICACAO DE LETRAS LETREIROS E PLACAS DE QUALQUER MATERIAL EXCETO LUMINOSOS,DIVERSOS,INDUSTRIA
2511000,FABRICACAO DE ESTRUTURAS METALICAS,SIDERURGICA-METALURGIA,INDUSTRIA
892403,REFINO E OUTROS TRATAMENTOS DO SAL,MINERACAO,INDUSTRIA
119999,CULTIVO DE OUTRAS PLANTAS DE LAVOURA TEMPORARIA NAO ESPECIFICADAS ANTERIORMENTE,PRODUTOS DE AGROPECUARIA,AGROPECUARIA
4646002,COMERCIO ATACADISTA DE PRODUTOS DE HIGIENE PESSOAL,ATACADO,COMERCIO
4631100,COMERCIO ATACADISTA DE LEITE E LATICINIOS,ATACADO,COMERCIO
4922102,TRANSPORTE RODOVIARIO COLETIVO DE PASSAGEIROS COM ITINERARIO FIXO INTERESTADUAL,TRANSPORTE,SERVICOS
8531700,EDUCACAO SUPERIOR GRADUACAO,SERVICOS DE EDUCACAO,SERVICOS
161002,SERVICO DE PODA DE ARVORES PARA LAVOURAS,PRODUTOS DE AGROPECUARIA,AGROPECUARIA
1822999,SERVICOS DE ACABAMENTOS GRAFICOS EXCETO ENCADERNACAO E PLASTIFICACAO,PAPEL E CELULOSE,INDUSTRIA
4669999,COMERCIO ATACADISTA DE OUTRAS MAQUINAS E EQUIPAMENTOS NAO ESPECIFICADOS ANTERIORMENTE PARTES E PECAS,ATACADO,COMERCIO
3600602,DISTRIBUICAO DE AGUA POR CAMINHOES,SERVICOS DE SANEAMENTO BASICO,SERVICOS
2732500,FABRICACAO DE MATERIAL ELETRICO PARA INSTALACOES EM CIRCUITO DE CONSUMO,ELETROELETRONICOS,INDUSTRIA
3319800,MANUTENCAO E REPARACAO DE EQUIPAMENTOS E PRODUTOS NAO ESPECIFICADOS ANTERIORMENTE,SERVICOS DIVERSOS,SERVICOS
8640205,SERVICOS DE DIAGNOSTICO POR IMAGEM COM USO DE RADIACAO IONIZANTE EXCETO TOMOGRAFIA,SERVICOS DE SAUDE,SERVICOS
8412400,REGULACAO DAS ATIVIDADES DE SAUDE EDUCACAO SERVICOS CULTURAIS E OUTROS SERVICOS SOCIAIS,SERVICOS DIVERSOS,SERVICOS
122900,CULTIVO DE FLORES E PLANTAS ORNAMENTAIS,PRODUTOS DE AGROPECUARIA,AGROPECUARIA
3042300,FABRICACAO DE TURBINAS MOTORES E OUTROS COMPONENTES E PECAS PARA AERONAVES,INDUSTRIA AUTOMOTIVA,INDUSTRIA
7729299,ALUGUEL DE OUTROS OBJETOS PESSOAIS E DOMESTICOS NAO ESPECIFICADOS ANTERIORMENTE,SERVICOS ADMINISTRATIVOS,SERVICOS
810006,EXTRACAO DE AREIA CASCALHO OU PEDREGULHO E BENEFICIAMENTO ASSOCIADO,MINERACAO,INDUSTRIA
4744004,COMERCIO VAREJISTA DE CAL AREIA PEDRA BRITADA TIJOLOS E TELHAS,VAREJO,COMERCIO
2320600,FABRICACAO DE CIMENTO,QUIMICA-PETROQUIMICA,INDUSTRIA
4665600,COMERCIO ATACADISTA DE MAQUINAS E EQUIPAMENTOS PARA USO COMERCIAL PARTES E PECAS,ATACADO,COMERCIO
7312200,AGENCIAMENTO DE ESPACOS PARA PUBLICIDADE EXCETO EM VEICULOS DE COMUNICACAO,SERVICOS PROFISSIONAIS E TECNICOS,SERVICOS
2790299,FABRICACAO DE OUTROS EQUIPAMENTOS E APARELHOS ELETRICOS NAO ESPECIFICADOS ANTERIORMENTE,ELETROELETRONICOS,INDUSTRIA
134200,CULTIVO DE CAFE,PRODUTOS DE AGROPECUARIA,AGROPECUARIA
119909,CULTIVO DE TOMATE RASTEIRO,PRODUTOS DE AGROPECUARIA,AGROPECUARIA
8533300,EDUCACAO SUPERIOR POS GRADUACAO E EXTENSAO,SERVICOS DE EDUCACAO,SERVICOS
4672900,COMERCIO ATACADISTA DE FERRAGENS E FERRAMENTAS,ATACADO,COMERCIO
6120501,TELEFONIA MOVEL CELULAR,TELECOM,SERVICOS
2543800,FABRICACAO DE FERRAMENTAS,SIDERURGICA-METALURGIA,INDUSTRIA
2811900,FABRICACAO DE MOTORES E TURBINAS PECAS E ACESSORIOS EXCETO PARA AVIOES E VEICULOS RODOVIARIOS,SIDERURGICA-METALURGIA,INDUSTRIA
3514000,DISTRIBUICAO DE ENERGIA ELETRICA,ENERGIA,INDUSTRIA
4213800,OBRAS DE URBANIZACAO RUAS PRACAS E CALCADAS,INDUSTRIA DA CONSTRUCAO,CONSTRUCAO CIVIL
6630400,ATIVIDADES DE ADMINISTRACAO DE FUNDOS POR CONTRATO OU COMISSAO,BENS DE CAPITAL,SERVICOS
8711501,CLINICAS E RESIDENCIAS GERIATRICAS,SERVICOS DE SAUDE,SERVICOS
8550301,ADMINISTRACAO DE CAIXAS ESCOLARES,SERVICOS DE EDUCACAO,SERVICOS
6612605,AGENTES DE INVESTIMENTOS EM APLICACOES FINANCEIRAS,BENS DE CAPITAL,SERVICOS
210107,EXTRACAO DE MADEIRA EM FLORESTAS PLANTADAS,PRODUTOS DE AGROPECUARIA,AGROPECUARIA
4741500,COMERCIO VAREJISTA DE TINTAS E MATERIAIS PARA PINTURA,VAREJO,COMERCIO
6550200,PLANOS DE SAUDE,BENS DE CAPITAL,SERVICOS
153902,CRIACAO DE OVINOS INCLUSIVE PARA PRODUCAO DE LA,PRODUTOS DE AGROPECUARIA,AGROPECUARIA
8650002,ATIVIDADES DE PROFISSIONAIS DA NUTRICAO,SERVICOS DE SAUDE,SERVICOS
9329899,OUTRAS ATIVIDADES DE RECREACAO E LAZER NAO ESPECIFICADAS ANTERIORMENTE,SERVICOS DIVERSOS,SERVICOS
4645103,COMERCIO ATACADISTA DE PRODUTOS ODONTOLOGICOS,ATACADO,COMERCIO
4661300,COMERCIO ATACADISTA DE MAQUINAS APARELHOS E EQUIPAMENTOS PARA USO AGROPECUARIO PARTES E PECAS,ATACADO,COMERCIO
4652400,COMERCIO ATACADISTA DE COMPONENTES ELETRONICOS E EQUIPAMENTOS DE TELEFONIA E COMUNICACAO,ATACADO,COMERCIO
1421500,FABRICACAO DE MEIAS,BENS DE CONSUMO,INDUSTRIA
7729201,ALUGUEL DE APARELHOS DE JOGOS ELETRONICOS,SERVICOS ADMINISTRATIVOS,SERVICOS
4673700,COMERCIO ATACADISTA DE MATERIAL ELETRICO,ATACADO,COMERCIO
4771702,COMERCIO VAREJISTA DE PRODUTOS FARMACEUTICOS COM MANIPULACAO DE FORMULAS,VAREJO,COMERCIO
8640209,SERVICOS DE DIAGNOSTICO POR METODOS OPTICOS ENDOSCOPIA E OUTROS EXAMES ANALOGOS,SERVICOS DE SAUDE,SERVICOS
3314708,MANUTENCAO E REPARACAO DE MAQUINAS EQUIPAMENTOS E APARELHOS PARA TRANSPORTE E ELEVACAO DE CARGAS,SERVICOS DIVERSOS,SERVICOS
9319101,PRODUCAO E PROMOCAO DE EVENTOS ESPORTIVOS,SERVICOS DIVERSOS,SERVICOS
7711000,LOCACAO DE AUTOMOVEIS SEM CONDUTOR,SERVICOS ADMINISTRATIVOS,SERVICOS
8219901,FOTOCOPIAS,SERVICOS ADMINISTRATIVOS,SERVICOS
6110801,SERVICOS DE TELEFONIA FIXA COMUTADA STFC,TELECOM,SERVICOS
810004,EXTRACAO DE CALCARIO E DOLOMITA E BENEFICIAMENTO ASSOCIADO,MINERACAO,INDUSTRIA
8299701,MEDICAO DE CONSUMO DE ENERGIA ELETRICA GAS E AGUA,SERVICOS ADMINISTRATIVOS,SERVICOS
9311500,GESTAO DE INSTALACOES DE ESPORTES,SERVICOS DIVERSOS,SERVICOS
2219600,FABRICACAO DE ARTEFATOS DE BORRACHA NAO ESPECIFICADOS ANTERIORMENTE,QUIMICA-PETROQUIMICA,INDUSTRIA
8299707,SALAS DE ACESSO A INTERNET,SERVICOS ADMINISTRATIVOS,SERVICOS
6010100,ATIVIDADES DE RADIO,TELECOM,SERVICOS
1322700,TECELAGEM DE FIOS DE FIBRAS TEXTEIS NATURAIS EXCETO ALGODAO,TEXTEIS,INDUSTRIA
6920602,ATIVIDADES DE CONSULTORIA E AUDITORIA CONTABIL E TRIBUTARIA,SERVICOS PROFISSIONAIS E TECNICOS,SERVICOS
141501,PRODUCAO DE SEMENTES CERTIFICADAS EXCETO DE FORRAGEIRAS PARA PASTO,PRODUTOS DE AGROPECUARIA,AGROPECUARIA
159802,CRIACAO DE ANIMAIS DE ESTIMACAO,PRODUTOS DE AGROPECUARIA,AGROPECUARIA
7119799,ATIVIDADES TECNICAS RELACIONADAS A ENGENHARIA E ARQUITETURA NAO ESPECIFICADAS ANTERIORMENTE,SERVICOS PROFISSIONAIS E TECNICOS,SERVICOS
9002702,RESTAURACAO DE OBRAS DE ARTE,SERVICOS DIVERSOS,SERVICOS
5911102,PRODUCAO DE FILMES PARA PUBLICIDADE,TELECOM,SERVICOS
2391503,APARELHAMENTO DE PLACAS E EXECUCAO DE TRABALHOS EM MARMORE GRANITO ARDOSIA E OUTRAS PEDRAS,QUIMICA-PETROQUIMICA,INDUSTRIA
4541203,COMERCIO A VAREJO DE MOTOCICLETAS E MOTONETAS NOVAS,VAREJO,COMERCIO
4520004,SERVICOS DE ALINHAMENTO E BALANCEAMENTO DE VEICULOS AUTOMOTORES,VAREJO,COMERCIO
7119702,ATIVIDADES DE ESTUDOS GEOLOGICOS,SERVICOS PROFISSIONAIS E TECNICOS,SERVICOS
810099,EXTRACAO E BRITAMENTO DE PEDRAS E OUTROS MATERIAIS PARA CONSTRUCAO E BENEFICIAMENTO ASSOCIADO,MINERACAO,INDUSTRIA
4732600,COMERCIO VAREJISTA DE LUBRIFICANTES,VAREJO,COMERCIO
9603399,ATIVIDADES FUNERARIAS E SERVICOS RELACIONADOS NAO ESPECIFICADOS ANTERIORMENTE,SERVICOS DIVERSOS,SERVICOS
1099604,FABRICACAO DE GELO COMUM,BENS DE CONSUMO,INDUSTRIA
7830200,FORNECIMENTO E GESTAO DE RECURSOS HUMANOS PARA TERCEIROS,SERVICOS ADMINISTRATIVOS,SERVICOS
3900500,DESCONTAMINACAO E OUTROS SERVICOS DE GESTAO DE RESIDUOS,SERVICOS DE SANEAMENTO BASICO,SERVICOS
1352900,FABRICACAO DE ARTEFATOS DE TAPECARIA,TEXTEIS,INDUSTRIA
4541204,COMERCIO A VAREJO DE MOTOCICLETAS E MOTONETAS USADAS,VAREJO,COMERCIO
6110803,SERVICOS DE COMUNICACAO MULTIMIDIA SCM,TELECOM,SERVICOS
1113502,FABRICACAO DE CERVEJAS E CHOPES,BENS DE CONSUMO,INDUSTRIA
3839499,RECUPERACAO DE MATERIAIS NAO ESPECIFICADOS ANTERIORMENTE,SERVICOS DE SANEAMENTO BASICO,SERVICOS
5250803,AGENCIAMENTO DE CARGAS EXCETO PARA O TRANSPORTE MARITIMO,TRANSPORTE,SERVICOS
4399105,PERFURACAO E CONSTRUCAO DE POCOS DE AGUA,INDUSTRIA DA CONSTRUCAO,CONSTRUCAO CIVIL
2071100,FABRICACAO DE TINTAS VERNIZES ESMALTES E LACAS,QUIMICA-PETROQUIMICA,INDUSTRIA
4329103,INSTALACAO MANUTENCAO E REPARACAO DE ELEVADORES ESCADAS E ESTEIRAS ROLANTES,INDUSTRIA DA CONSTRUCAO,CONSTRUCAO CIVIL
4399101,ADMINISTRACAO DE OBRAS,INDUSTRIA DA CONSTRUCAO,CONSTRUCAO CIVIL
4684299,COMERCIO ATACADISTA DE OUTROS PRODUTOS QUIMICOS E PETROQUIMICOS NAO ESPECIFICADOS ANTERIORMENTE,ATACADO,COMERCIO
161001,SERVICO DE PULVERIZACAO E CONTROLE DE PRAGAS AGRICOLAS,PRODUTOS DE AGROPECUARIA,AGROPECUARIA
4530702,COMERCIO POR ATACADO DE PNEUMATICOS E CAMARAS DE AR,VAREJO,COMERCIO
6629100,ATIVIDADES AUXILIARES DOS SEGUROS DA PREVIDENCIA COMPLEMENTAR E DOS PLANOS DE SAUDE NAO ESPECIFICADAS ANTERIORMENTE,BENS DE CAPITAL,SERVICOS
3092000,FABRICACAO DE BICICLETAS E TRICICLOS NAO MOTORIZADOS PECAS E ACESSORIOS,INDUSTRIA AUTOMOTIVA,INDUSTRIA
8650001,ATIVIDADES DE ENFERMAGEM,SERVICOS DE SAUDE,SERVICOS
721901,EXTRACAO DE MINERIO DE ALUMINIO,MINERACAO,INDUSTRIA
3511501,GERACAO DE ENERGIA ELETRICA,ENERGIA,INDUSTRIA
3311200,MANUTENCAO E REPARACAO DE TANQUES RESERVATORIOS METALICOS E CALDEIRAS EXCETO PARA VEICULOS,SERVICOS DIVERSOS,SERVICOS
2330305,PREPARACAO DE MASSA DE CONCRETO E ARGAMASSA PARA CONSTRUCAO,QUIMICA-PETROQUIMICA,INDUSTRIA
4921302,TRANSPORTE RODOVIARIO COLETIVO DE PASSAGEIROS COM ITINERARIO FIXO INTERMUNICIPAL EM REGIAO METROPOLITANA,TRANSPORTE,SERVICOS
210101,CULTIVO DE EUCALIPTO,PRODUTOS DE AGROPECUARIA,AGROPECUARIA
1033302,FABRICACAO DE SUCOS DE FRUTAS HORTALICAS E LEGUMES EXCETO CONCENTRADOS,BENS DE CONSUMO,INDUSTRIA
5822101,EDICAO INTEGRADA A IMPRESSAO DE JORNAIS DIARIOS,TELECOM,SERVICOS
3314719,MANUTENCAO E REPARACAO DE MAQUINAS E EQUIPAMENTOS PARA AS INDUSTRIAS DE ALIMENTOS BEBIDAS E FUMO,SERVICOS DIVERSOS,SERVICOS
9529101,REPARACAO DE CALCADOS BOLSAS E ARTIGOS DE VIAGEM,SERVICOS PROFISSIONAIS E TECNICOS,SERVICOS
1122499,FABRICACAO DE OUTRAS BEBIDAS NAO ALCOOLICAS NAO ESPECIFICADAS ANTERIORMENTE,BENS DE CONSUMO,INDUSTRIA
8690999,OUTRAS ATIVIDADES DE ATENCAO A SAUDE HUMANA NAO ESPECIFICADAS ANTERIORMENTE,SERVICOS DE SAUDE,SERVICOS
3314705,MANUTENCAO E REPARACAO DE EQUIPAMENTOS DE TRANSMISSAO PARA FINS INDUSTRIAIS,SERVICOS DIVERSOS,SERVICOS
6423900,CAIXAS ECONOMICAS,BENS DE CAPITAL,SERVICOS
2222600,FABRICACAO DE EMBALAGENS DE MATERIAL PLASTICO,QUIMICA-PETROQUIMICA,INDUSTRIA
7912100,OPERADORES TURISTICOS,SERVICOS ADMINISTRATIVOS,SERVICOS
8711502,INSTITUICOES DE LONGA PERMANENCIA PARA IDOSOS,SERVICOS DE SAUDE,SERVICOS
2950600,RECONDICIONAMENTO E RECUPERACAO DE MOTORES PARA VEICULOS AUTOMOTORES,INDUSTRIA AUTOMOTIVA,INDUSTRIA
3702900,ATIVIDADES RELACIONADAS A ESGOTO EXCETO A GESTAO DE REDES,SERVICOS DE SANEAMENTO BASICO,SERVICOS
6619302,CORRESPONDENTES DE INSTITUICOES FINANCEIRAS,BENS DE CAPITAL,SERVICOS
6492100,SECURITIZACAO DE CREDITOS,BENS DE CAPITAL,SERVICOS
1413401,CONFECCAO DE ROUPAS PROFISSIONAIS EXCETO SOB MEDIDA,BENS DE CONSUMO,INDUSTRIA
3220500,FABRICACAO DE INSTRUMENTOS MUSICAIS PECAS E ACESSORIOS,DIVERSOS,INDUSTRIA
7739003,ALUGUEL DE PALCOS COBERTURAS E OUTRAS ESTRUTURAS DE USO TEMPORARIO EXCETO ANDAIMES,SERVICOS ADMINISTRATIVOS,SERVICOS
4221901,CONSTRUCAO DE BARRAGENS E REPRESAS PARA GERACAO DE ENERGIA ELETRICA,INDUSTRIA DA CONSTRUCAO,CONSTRUCAO CIVIL
119903,CULTIVO DE BATATA INGLESA,PRODUTOS DE AGROPECUARIA,AGROPECUARIA
1053800,FABRICACAO DE SORVETES E OUTROS GELADOS COMESTIVEIS,BENS DE CONSUMO,INDUSTRIA
4693100,COMERCIO ATACADISTA DE MERCADORIAS EM GERAL SEM PREDOMINANCIA DE ALIMENTOS OU DE INSUMOS AGROPECUARIOS,ATACADO,COMERCIO
1731100,FABRICACAO DE EMBALAGENS DE PAPEL,PAPEL E CELULOSE,INDUSTRIA
8630506,SERVICOS DE VACINACAO E IMUNIZACAO HUMANA,SERVICOS DE SAUDE,SERVICOS
4647801,COMERCIO ATACADISTA DE ARTIGOS DE ESCRITORIO E DE PAPELARIA,ATACADO,COMERCIO
155505,PRODUCAO DE OVOS,PRODUTOS DE AGROPECUARIA,AGROPECUARIA
2342702,FABRICACAO DE ARTEFATOS DE CERAMICA E BARRO COZIDO PARA USO NA CONSTRUCAO EXCETO AZULEJOS E PISOS,QUIMICA-PETROQUIMICA,INDUSTRIA
8690901,ATIVIDADES DE PRATICAS INTEGRATIVAS E COMPLEMENTARES EM SAUDE HUMANA,SERVICOS DE SAUDE,SERVICOS
1064300,FABRICACAO DE FARINHA DE MILHO E DERIVADOS EXCETO OLEOS DE MILHO,BENS DE CONSUMO,INDUSTRIA
2823200,FABRICACAO DE MAQUINAS E APARELHOS DE REFRIGERACAO E VENTILACAO PARA USO INDUSTRIAL E COMERCIAL PECAS E ACESSORIOS,SIDERURGICA-METALURGIA,INDUSTRIA
4399104,SERVICOS DE OPERACAO E FORNECIMENTO DE EQUIPAMENTOS PARA TRANSPORTE E ELEVACAO DE CARGAS E PESSOAS PARA USO EM OBRAS,INDUSTRIA DA CONSTRUCAO,CONSTRUCAO CIVIL
1629302,FABRICACAO DE ARTEFATOS DIVERSOS DE CORTICA BAMBU PALHA VIME E OUTROS MATERIAIS TRANCADOS EXCETO MOVEIS,BENS DE CONSUMO,INDUSTRIA
4651601,COMERCIO ATACADISTA DE EQUIPAMENTOS DE INFORMATICA,ATACADO,COMERCIO
7420003,LABORATORIOS FOTOGRAFICOS,SERVICOS PROFISSIONAIS E TECNICOS,SERVICOS
4684201,COMERCIO ATACADISTA DE RESINAS E ELASTOMEROS,ATACADO,COMERCIO
4329105,TRATAMENTOS TERMICOS ACUSTICOS OU DE VIBRACAO,INDUSTRIA DA CONSTRUCAO,CONSTRUCAO CIVIL
2599302,SERVICO DE CORTE E DOBRA DE METAIS,SIDERURGICA-METALURGIA,INDUSTRIA
4632003,COMERCIO ATACADISTA DE CEREAIS E LEGUMINOSAS BENEFICIADOS FARINHAS AMIDOS E FECULAS COM ATIVIDADE DE FRACIONAMENTO E ACONDICIONAMENTO ASSOCIADA,ATACADO,COMERCIO
3299004,FABRICACAO DE PAINEIS E LETREIROS LUMINOSOS,DIVERSOS,INDUSTRIA
4292801,MONTAGEM DE ESTRUTURAS METALICAS,INDUSTRIA DA CONSTRUCAO,CONSTRUCAO CIVIL
8730199,ATIVIDADES DE ASSISTENCIA SOCIAL PRESTADAS EM RESIDENCIAS COLETIVAS E PARTICULARES NAO ESPECIFICADAS ANTERIORMENTE,SERVICOS DE SAUDE,SERVICOS
8220200,ATIVIDADES DE TELEATENDIMENTO,SERVICOS ADMINISTRATIVOS,SERVICOS
7820500,LOCACAO DE MAO DE OBRA TEMPORARIA,SERVICOS ADMINISTRATIVOS,SERVICOS
6613400,ADMINISTRACAO DE CARTOES DE CREDITO,BENS DE CAPITAL,SERVICOS
4662100,COMERCIO ATACADISTA DE MAQUINAS EQUIPAMENTOS PARA TERRAPLENAGEM MINERACAO E CONSTRUCAO PARTES E PECAS,ATACADO,COMERCIO
4530706,REPRESENTANTES COMERCIAIS E AGENTES DO COMERCIO DE PECAS E ACESSORIOS NOVOS E USADOS PARA VEICULOS AUTOMOTORES,VAREJO,COMERCIO
4635401,COMERCIO ATACADISTA DE AGUA MINERAL,ATACADO,COMERCIO
4692300,COMERCIO ATACADISTA DE MERCADORIAS EM GERAL COM PREDOMINANCIA DE INSUMOS AGROPECUARIOS,ATACADO,COMERCIO
5091201,TRANSPORTE POR NAVEGACAO DE TRAVESSIA MUNICIPAL,TRANSPORTE,SERVICOS
8622400,SERVICOS DE REMOCAO DE PACIENTES EXCETO OS SERVICOS MOVEIS DE ATENDIMENTO A URGENCIAS,SERVICOS DE SAUDE,SERVICOS
2854200,FABRICACAO DE MAQUINAS E EQUIPAMENTOS PARA TERRAPLENAGEM PAVIMENTACAO E CONSTRUCAO PECAS E ACESSORIOS EXCETO TRATORES,SIDERURGICA-METALURGIA,INDUSTRIA
4754703,COMERCIO VAREJISTA DE ARTIGOS DE ILUMINACAO,VAREJO,COMERCIO
7120100,TESTES E ANALISES TECNICAS,SERVICOS PROFISSIONAIS E TECNICOS,SERVICOS
1063500,FABRICACAO DE FARINHA DE MANDIOCA E DERIVADOS,BENS DE CONSUMO,INDUSTRIA
4329104,MONTAGEM E INSTALACAO DE SISTEMAS E EQUIPAMENTOS DE ILUMINACAO E SINALIZACAO EM VIAS PUBLICAS PORTOS E AEROPORTOS,INDUSTRIA DA CONSTRUCAO,CONSTRUCAO CIVIL
9001901,PRODUCAO TEATRAL,SERVICOS DIVERSOS,SERVICOS
5821200,EDICAO INTEGRADA A IMPRESSAO DE LIVROS,TELECOM,SERVICOS
2212900,REFORMA DE PNEUMATICOS USADOS,QUIMICA-PETROQUIMICA,INDUSTRIA
4221903,MANUTENCAO DE REDES DE DISTRIBUICAO DE ENERGIA ELETRICA,INDUSTRIA DA CONSTRUCAO,CONSTRUCAO CIVIL
5911101,ESTUDIOS CINEMATOGRAFICOS,TELECOM,SERVICOS
4651602,COMERCIO ATACADISTA DE SUPRIMENTOS PARA INFORMATICA,ATACADO,COMERCIO
2731700,FABRICACAO DE APARELHOS E EQUIPAMENTOS PARA DISTRIBUICAO E CONTROLE DE ENERGIA ELETRICA,ELETROELETRONICOS,INDUSTRIA
7210000,PESQUISA E DESENVOLVIMENTO EXPERIMENTAL EM CIENCIAS FISICAS E NATURAIS,SERVICOS PROFISSIONAIS E TECNICOS,SERVICOS
4635499,COMERCIO ATACADISTA DE BEBIDAS NAO ESPECIFICADAS ANTERIORMENTE,ATACADO,COMERCIO
5232000,ATIVIDADES DE AGENCIAMENTO MARITIMO,TRANSPORTE,SERVICOS
210108,PRODUCAO DE CARVAO VEGETAL FLORESTAS PLANTADAS,PRODUTOS DE AGROPECUARIA,AGROPECUARIA
5091202,TRANSPORTE POR NAVEGACAO DE TRAVESSIA INTERMUNICIPAL INTERESTADUAL E INTERNACIONAL,TRANSPORTE,SERVICOS
2869100,FABRICACAO DE MAQUINAS E EQUIPAMENTOS PARA USO INDUSTRIAL ESPECIFICO NAO ESPECIFICADOS ANTERIORMENTE PECAS E ACESSORIOS,SIDERURGICA-METALURGIA,INDUSTRIA
4612500,REPRESENTANTES COMERCIAIS E AGENTES DO COMERCIO DE COMBUSTIVEIS MINERAIS PRODUTOS SIDERURGICOS E QUIMICOS,ATACADO,COMERCIO
7420002,ATIVIDADES DE PRODUCAO DE FOTOGRAFIAS AEREAS E SUBMARINAS,SERVICOS PROFISSIONAIS E TECNICOS,SERVICOS
4922101,TRANSPORTE RODOVIARIO COLETIVO DE PASSAGEIROS COM ITINERARIO FIXO INTERMUNICIPAL EXCETO EM REGIAO METROPOLITANA,TRANSPORTE,SERVICOS
2399101,DECORACAO LAPIDACAO GRAVACAO VITRIFICACAO E OUTROS TRABALHOS EM CERAMICA LOUCA VIDRO E CRISTAL,QUIMICA-PETROQUIMICA,INDUSTRIA
2651500,FABRICACAO DE APARELHOS E EQUIPAMENTOS DE MEDIDA TESTE E CONTROLE,ELETROELETRONICOS,INDUSTRIA
210106,CULTIVO DE MUDAS EM VIVEIROS FLORESTAIS,PRODUTOS DE AGROPECUARIA,AGROPECUARIA
322107,ATIVIDADES DE APOIO A AQUICULTURA EM AGUA DOCE,PRODUTOS DE AGROPECUARIA,AGROPECUARIA
1812100,IMPRESSAO DE MATERIAL DE SEGURANCA,PAPEL E CELULOSE,INDUSTRIA
3299006,FABRICACAO DE VELAS INCLUSIVE DECORATIVAS,DIVERSOS,INDUSTRIA
8299703,SERVICOS DE GRAVACAO DE CARIMBOS EXCETO CONFECCAO,SERVICOS ADMINISTRATIVOS,SERVICOS
5211702,GUARDA MOVEIS,TRANSPORTE,SERVICOS
2341900,FABRICACAO DE PRODUTOS CERAMICOS REFRATARIOS,QUIMICA-PETROQUIMICA,INDUSTRIA
1323500,TECELAGEM DE FIOS DE FIBRAS ARTIFICIAIS E SINTETICAS,TEXTEIS,INDUSTRIA
2740602,FABRICACAO DE LUMINARIAS E OUTROS EQUIPAMENTOS DE ILUMINACAO,ELETROELETRONICOS,INDUSTRIA
4623102,COMERCIO ATACADISTA DE COUROS LAS PELES E OUTROS SUBPRODUTOS NAO COMESTIVEIS DE ORIGEM ANIMAL,ATACADO,COMERCIO
142300,PRODUCAO DE MUDAS E OUTRAS FORMAS DE PROPAGACAO VEGETAL CERTIFICADAS,PRODUTOS DE AGROPECUARIA,AGROPECUARIA
4681801,COMERCIO ATACADISTA DE ALCOOL CARBURANTE BIODIESEL GASOLINA E DEMAIS DERIVADOS DE PETROLEO EXCETO LUBRIFICANTES NAO REALIZADO POR TRANSPORTADOR RETALHISTA T R R,ATACADO,COMERCIO
159801,APICULTURA,PRODUTOS DE AGROPECUARIA,AGROPECUARIA
4643501,COMERCIO ATACADISTA DE CALCADOS,ATACADO,COMERCIO
2513600,FABRICACAO DE OBRAS DE CALDEIRARIA PESADA,SIDERURGICA-METALURGIA,INDUSTRIA
4637107,COMERCIO ATACADISTA DE CHOCOLATES CONFEITOS BALAS BOMBONS E SEMELHANTES,ATACADO,COMERCIO
6621501,PERITOS E AVALIADORES DE SEGUROS,BENS DE CAPITAL,SERVICOS
1623400,FABRICACAO DE ARTEFATOS DE TANOARIA E DE EMBALAGENS DE MADEIRA,BENS DE CONSUMO,INDUSTRIA
4681803,COMERCIO ATACADISTA DE COMBUSTIVEIS DE ORIGEM VEGETAL EXCETO ALCOOL CARBURANTE,ATACADO,COMERCIO
4511103,COMERCIO POR ATACADO DE AUTOMOVEIS CAMIONETAS E UTILITARIOS NOVOS E USADOS,VAREJO,COMERCIO
6612601,CORRETORAS DE TITULOS E VALORES MOBILIARIOS,BENS DE CAPITAL,SERVICOS
8640208,SERVICOS DE DIAGNOSTICO POR REGISTRO GRAFICO ECG EEG E OUTROS EXAMES ANALOGOS,SERVICOS DE SAUDE,SERVICOS
4649406,COMERCIO ATACADISTA DE LUSTRES LUMINARIAS E ABAJURES,ATACADO,COMERCIO
3291400,FABRICACAO DE ESCOVAS PINCEIS E VASSOURAS,DIVERSOS,INDUSTRIA
4637106,COMERCIO ATACADISTA DE SORVETES,ATACADO,COMERCIO
7119701,SERVICOS DE CARTOGRAFIA TOPOGRAFIA E GEODESIA,SERVICOS PROFISSIONAIS E TECNICOS,SERVICOS
4785701,COMERCIO VAREJISTA DE ANTIGUIDADES,VAREJO,COMERCIO
3313901,MANUTENCAO E REPARACAO DE GERADORES TRANSFORMADORES E MOTORES ELETRICOS,SERVICOS DIVERSOS,SERVICOS
116401,CULTIVO DE AMENDOIM,PRODUTOS DE AGROPECUARIA,AGROPECUARIA
6424703,COOPERATIVAS DE CREDITO MUTUO,BENS DE CAPITAL,SERVICOS
2449199,METALURGIA DE OUTROS METAIS NAO FERROSOS E SUAS LIGAS NAO ESPECIFICADOS ANTERIORMENTE,SIDERURGICA-METALURGIA,INDUSTRIA
7410202,DESIGN DE INTERIORES,SERVICOS PROFISSIONAIS E TECNICOS,SERVICOS
8592902,ENSINO DE ARTES CENICAS EXCETO DANCA,SERVICOS DE EDUCACAO,SERVICOS
4634602,COMERCIO ATACADISTA DE AVES ABATIDAS E DERIVADOS,ATACADO,COMERCIO
2093200,FABRICACAO DE ADITIVOS DE USO INDUSTRIAL,QUIMICA-PETROQUIMICA,INDUSTRIA
724301,EXTRACAO DE MINERIO DE METAIS PRECIOSOS,MINERACAO,INDUSTRIA
4633802,COMERCIO ATACADISTA DE AVES VIVAS E OVOS,ATACADO,COMERCIO
3312103,MANUTENCAO E REPARACAO DE APARELHOS ELETROMEDICOS E ELETROTERAPEUTICOS E EQUIPAMENTOS DE IRRADIACAO,SERVICOS DIVERSOS,SERVICOS
2063100,FABRICACAO DE COSMETICOS PRODUTOS DE PERFUMARIA E DE HIGIENE PESSOAL,QUIMICA-PETROQUIMICA,INDUSTRIA
4391600,OBRAS DE FUNDACOES,INDUSTRIA DA CONSTRUCAO,CONSTRUCAO CIVIL
6512000,SOCIEDADE SEGURADORA DE SEGUROS NAO VIDA,BENS DE CAPITAL,SERVICOS
4637102,COMERCIO ATACADISTA DE ACUCAR,ATACADO,COMERCIO
8640201,LABORATORIOS DE ANATOMIA PATOLOGICA E CITOLOGICA,SERVICOS DE SAUDE,SERVICOS
3299005,FABRICACAO DE AVIAMENTOS PARA COSTURA,DIVERSOS,INDUSTRIA
1065101,FABRICACAO DE AMIDOS E FECULAS DE VEGETAIS,BENS DE CONSUMO,INDUSTRIA
311602,PESCA DE CRUSTACEOS E MOLUSCOS EM AGUA SALGADA,PRODUTOS DE AGROPECUARIA,AGROPECUARIA
5250802,ATIVIDADES DE DESPACHANTES ADUANEIROS,TRANSPORTE,SERVICOS
3314706,MANUTENCAO E REPARACAO DE MAQUINAS APARELHOS E EQUIPAMENTOS PARA INSTALACOES TERMICAS,SERVICOS DIVERSOS,SERVICOS
1099699,FABRICACAO DE OUTROS PRODUTOS ALIMENTICIOS NAO ESPECIFICADOS ANTERIORMENTE,BENS DE CONSUMO,INDUSTRIA
1413402,CONFECCAO SOB MEDIDA DE ROUPAS PROFISSIONAIS,BENS DE CONSUMO,INDUSTRIA
7721700,ALUGUEL DE EQUIPAMENTOS RECREATIVOS E ESPORTIVOS,SERVICOS ADMINISTRATIVOS,SERVICOS
4211102,PINTURA PARA SINALIZACAO EM PISTAS RODOVIARIAS E AEROPORTOS,INDUSTRIA DA CONSTRUCAO,CONSTRUCAO CIVIL
4763605,COMERCIO VAREJISTA DE EMBARCACOES E OUTROS VEICULOS RECREATIVOS PECAS E ACESSORIOS,VAREJO,COMERCIO
162899,ATIVIDADES DE APOIO A PECUARIA NAO ESPECIFICADAS ANTERIORMENTE,PRODUTOS DE AGROPECUARIA,AGROPECUARIA
9002701,ATIVIDADES DE ARTISTAS PLASTICOS JORNALISTAS INDEPENDENTES E ESCRITORES,SERVICOS DIVERSOS,SERVICOS
2441501,PRODUCAO DE ALUMINIO E SUAS LIGAS EM FORMAS PRIMARIAS,SIDERURGICA-METALURGIA,INDUSTRIA
6470102,FUNDOS DE INVESTIMENTO PREVIDENCIARIOS,BENS DE CAPITAL,SERVICOS
3821100,TRATAMENTO E DISPOSICAO DE RESIDUOS NAO PERIGOSOS,SERVICOS DE SANEAMENTO BASICO,SERVICOS
111301,CULTIVO DE ARROZ,PRODUTOS DE AGROPECUARIA,AGROPECUARIA
4542101,REPRESENTANTES COMERCIAIS E AGENTES DO COMERCIO DE MOTOCICLETAS E MOTONETAS PECAS E ACESSORIOS,VAREJO,COMERCIO
5920100,ATIVIDADES DE GRAVACAO DE SOM E DE EDICAO DE MUSICA,TELECOM,SERVICOS
2592601,FABRICACAO DE PRODUTOS DE TREFILADOS DE METAL PADRONIZADOS,SIDERURGICA-METALURGIA,INDUSTRIA
7320300,PESQUISAS DE MERCADO E DE OPINIAO PUBLICA,SERVICOS PROFISSIONAIS E TECNICOS,SERVICOS
4649401,COMERCIO ATACADISTA DE EQUIPAMENTOS ELETRICOS DE USO PESSOAL E DOMESTICO,ATACADO,COMERCIO
2821601,FABRICACAO DE FORNOS INDUSTRIAIS APARELHOS E EQUIPAMENTOS NAO ELETRICOS PARA INSTALACOES TERMICAS PECAS E ACESSORIOS,SIDERURGICA-METALURGIA,INDUSTRIA
1733800,FABRICACAO DE CHAPAS E DE EMBALAGENS DE PAPELAO ONDULADO,PAPEL E CELULOSE,INDUSTRIA
4689302,COMERCIO ATACADISTA DE FIOS E FIBRAS BENEFICIADOS,ATACADO,COMERCIO
4212000,CONSTRUCAO DE OBRAS DE ARTE ESPECIAIS,INDUSTRIA DA CONSTRUCAO,CONSTRUCAO CIVIL
4637105,COMERCIO ATACADISTA DE MASSAS ALIMENTICIAS,ATACADO,COMERCIO
7119704,SERVICOS DE PERICIA TECNICA RELACIONADOS A SEGURANCA DO TRABALHO,SERVICOS PROFISSIONAIS E TECNICOS,SERVICOS
1042200,FABRICACAO DE OLEOS VEGETAIS REFINADOS EXCETO OLEO DE MILHO,BENS DE CONSUMO,INDUSTRIA
8532500,EDUCACAO SUPERIOR GRADUACAO E POS GRADUACAO,SERVICOS DE EDUCACAO,SERVICOS
139399,CULTIVO DE OUTRAS PLANTAS DE LAVOURA PERMANENTE NAO ESPECIFICADAS ANTERIORMENTE,PRODUTOS DE AGROPECUARIA,AGROPECUARIA
1732000,FABRICACAO DE EMBALAGENS DE CARTOLINA E PAPEL CARTAO,PAPEL E CELULOSE,INDUSTRIA
8011102,SERVICOS DE ADESTRAMENTO DE CAES DE GUARDA,SERVICOS ADMINISTRATIVOS,SERVICOS
6499999,OUTRAS ATIVIDADES DE SERVICOS FINANCEIROS NAO ESPECIFICADAS ANTERIORMENTE,BENS DE CAPITAL,SERVICOS
7722500,ALUGUEL DE FITAS DE VIDEO DVDS E SIMILARES,SERVICOS ADMINISTRATIVOS,SERVICOS
4664800,COMERCIO ATACADISTA DE MAQUINAS APARELHOS E EQUIPAMENTOS PARA USO ODONTO MEDICO HOSPITALAR PARTES E PECAS,ATACADO,COMERCIO
8413200,REGULACAO DAS ATIVIDADES ECONOMICAS,SERVICOS DIVERSOS,SERVICOS
1061901,BENEFICIAMENTO DE ARROZ,BENS DE CONSUMO,INDUSTRIA
9200399,EXPLORACAO DE JOGOS DE AZAR E APOSTAS NAO ESPECIFICADOS ANTERIORMENTE,SERVICOS DIVERSOS,SERVICOS
4311801,DEMOLICAO DE EDIFICIOS E OUTRAS ESTRUTURAS,INDUSTRIA DA CONSTRUCAO,CONSTRUCAO CIVIL
1710900,FABRICACAO DE CELULOSE E OUTRAS PASTAS PARA A FABRICACAO DE PAPEL,PAPEL E CELULOSE,INDUSTRIA
2011800,FABRICACAO DE CLORO E ALCALIS,QUIMICA-PETROQUIMICA,INDUSTRIA
4622200,COMERCIO ATACADISTA DE SOJA,ATACADO,COMERCIO
1321900,TECELAGEM DE FIOS DE ALGODAO,TEXTEIS,INDUSTRIA
6431000,BANCOS MULTIPLOS SEM CARTEIRA COMERCIAL,BENS DE CAPITAL,SERVICOS
2840200,FABRICACAO DE MAQUINAS FERRAMENTA PECAS E ACESSORIOS,SIDERURGICA-METALURGIA,INDUSTRIA
2121101,FABRICACAO DE MEDICAMENTOS ALOPATICOS PARA USO HUMANO,FARMACEUTICA,INDUSTRIA
6432800,BANCOS DE INVESTIMENTO,BENS DE CAPITAL,SERVICOS
2943300,FABRICACAO DE PECAS E ACESSORIOS PARA O SISTEMA DE FREIOS DE VEICULOS AUTOMOTORES,INDUSTRIA AUTOMOTIVA,INDUSTRIA
2920401,FABRICACAO DE CAMINHOES E ONIBUS,INDUSTRIA AUTOMOTIVA,INDUSTRIA
4911600,TRANSPORTE FERROVIARIO DE CARGA,TRANSPORTE,SERVICOS
2941700,FABRICACAO DE PECAS E ACESSORIOS PARA O SISTEMA MOTOR DE VEICULOS AUTOMOTORES,INDUSTRIA AUTOMOTIVA,INDUSTRIA
1011201,FRIGORIFICO ABATE DE BOVINOS,BENS DE CONSUMO,INDUSTRIA
2013402,FABRICACAO DE ADUBOS E FERTILIZANTES EXCETO ORGANO MINERAIS,QUIMICA-PETROQUIMICA,INDUSTRIA
3512300,TRANSMISSAO DE ENERGIA ELETRICA,ENERGIA,INDUSTRIA
3250701,FABRICACAO DE INSTRUMENTOS NAO ELETRONICOS E UTENSILIOS PARA USO MEDICO CIRURGICO ODONTOLOGICO E DE LABORATORIO,DIVERSOS,INDUSTRIA
3520402,DISTRIBUICAO DE COMBUSTIVEIS GASOSOS POR REDES URBANAS,ENERGIA,INDUSTRIA
2019399,FABRICACAO DE OUTROS PRODUTOS QUIMICOS INORGANICOS NAO ESPECIFICADOS ANTERIORMENTE,QUIMICA-PETROQUIMICA,INDUSTRIA
2550102,FABRICACAO DE ARMAS DE FOGO OUTRAS ARMAS E MUNICOES,SIDERURGICA-METALURGIA,INDUSTRIA
2622100,FABRICACAO DE PERIFERICOS PARA EQUIPAMENTOS DE INFORMATICA,ELETROELETRONICOS,INDUSTRIA
600001,EXTRACAO DE PETROLEO E GAS NATURAL,MINERACAO,INDUSTRIA
1621800,FABRICACAO DE MADEIRA LAMINADA E DE CHAPAS DE MADEIRA COMPENSADA PRENSADA E AGLOMERADA,BENS DE CONSUMO,INDUSTRIA
710301,EXTRACAO DE MINERIO DE FERRO,MINERACAO,INDUSTRIA
2541100,FABRICACAO DE ARTIGOS DE CUTELARIA,SIDERURGICA-METALURGIA,INDUSTRIA
7732202,ALUGUEL DE ANDAIMES,SERVICOS ADMINISTRATIVOS,SERVICOS
1012101,ABATE DE AVES,BENS DE CONSUMO,INDUSTRIA
2751100,FABRICACAO DE FOGOES REFRIGERADORES E MAQUINAS DE LAVAR E SECAR PARA USO DOMESTICO PECAS E ACESSORIOS,ELETROELETRONICOS,INDUSTRIA
6611803,BOLSA DE MERCADORIAS E FUTUROS,BENS DE CAPITAL,SERVICOS
5250805,OPERADOR DE TRANSPORTE MULTIMODAL OTM,TRANSPORTE,SERVICOS
2412100,PRODUCAO DE FERROLIGAS,SIDERURGICA-METALURGIA,INDUSTRIA
2443100,METALURGIA DO COBRE,SIDERURGICA-METALURGIA,INDUSTRIA
2591800,FABRICACAO DE EMBALAGENS METALICAS,SIDERURGICA-METALURGIA,INDUSTRIA
1921700,FABRICACAO DE PRODUTOS DO REFINO DE PETROLEO,QUIMICA-PETROQUIMICA,INDUSTRIA
5030101,NAVEGACAO DE APOIO MARITIMO,TRANSPORTE,SERVICOS
2814301,FABRICACAO DE COMPRESSORES PARA USO INDUSTRIAL PECAS E ACESSORIOS,SIDERURGICA-METALURGIA,INDUSTRIA
5914600,ATIVIDADES DE EXIBICAO CINEMATOGRAFICA,TELECOM,SERVICOS
2330303,FABRICACAO DE ARTEFATOS DE FIBROCIMENTO PARA USO NA CONSTRUCAO,QUIMICA-PETROQUIMICA,INDUSTRIA
2640000,FABRICACAO DE APARELHOS DE RECEPCAO REPRODUCAO GRAVACAO E AMPLIFICACAO DE AUDIO E VIDEO,ELETROELETRONICOS,INDUSTRIA
8640206,SERVICOS DE RESSONANCIA MAGNETICA,SERVICOS DE SAUDE,SERVICOS
2342701,FABRICACAO DE AZULEJOS E PISOS,QUIMICA-PETROQUIMICA,INDUSTRIA
1354500,FABRICACAO DE TECIDOS ESPECIAIS INCLUSIVE ARTEFATOS,TEXTEIS,INDUSTRIA
6499902,SOCIEDADES DE INVESTIMENTO,BENS DE CAPITAL,SERVICOS
6461100,HOLDINGS DE INSTITUICOES FINANCEIRAS,BENS DE CAPITAL,SERVICOS
2710401,FABRICACAO DE GERADORES DE CORRENTE CONTINUA E ALTERNADA PECAS E ACESSORIOS,ELETROELETRONICOS,INDUSTRIA
6530800,RESSEGUROS,BENS DE CAPITAL,SERVICOS
3240099,FABRICACAO DE OUTROS BRINQUEDOS E JOGOS RECREATIVOS NAO ESPECIFICADOS ANTERIORMENTE,DIVERSOS,INDUSTRIA
1313800,FIACAO DE FIBRAS ARTIFICIAIS E SINTETICAS,TEXTEIS,INDUSTRIA
4399102,MONTAGEM E DESMONTAGEM DE ANDAIMES E OUTRAS ESTRUTURAS TEMPORARIAS,INDUSTRIA DA CONSTRUCAO,CONSTRUCAO CIVIL
2022300,FABRICACAO DE INTERMEDIARIOS PARA PLASTIFICANTES RESINAS E FIBRAS,QUIMICA-PETROQUIMICA,INDUSTRIA
2632900,FABRICACAO DE APARELHOS TELEFONICOS E DE OUTROS EQUIPAMENTOS DE COMUNICACAO PECAS E ACESSORIOS,ELETROELETRONICOS,INDUSTRIA
2621300,FABRICACAO DE EQUIPAMENTOS DE INFORMATICA,ELETROELETRONICOS,INDUSTRIA
2813500,FABRICACAO DE VALVULAS REGISTROS E DISPOSITIVOS SEMELHANTES PECAS E ACESSORIOS,SIDERURGICA-METALURGIA,INDUSTRIA
2422901,PRODUCAO DE LAMINADOS PLANOS DE ACO AO CARBONO REVESTIDOS OU NAO,SIDERURGICA-METALURGIA,INDUSTRIA
2110600,FABRICACAO DE PRODUTOS FARMOQUIMICOS,FARMACEUTICA,INDUSTRIA
1311100,PREPARACAO E FIACAO DE FIBRAS DE ALGODAO,TEXTEIS,INDUSTRIA
1062700,MOAGEM DE TRIGO E FABRICACAO DE DERIVADOS,BENS DE CONSUMO,INDUSTRIA
2631100,FABRICACAO DE EQUIPAMENTOS TRANSMISSORES DE COMUNICACAO PECAS E ACESSORIOS,ELETROELETRONICOS,INDUSTRIA
2021500,FABRICACAO DE PRODUTOS PETROQUIMICOS BASICOS,QUIMICA-PETROQUIMICA,INDUSTRIA
5221400,CONCESSIONARIAS DE RODOVIAS PONTES TUNEIS E SERVICOS RELACIONADOS,TRANSPORTE,SERVICOS
2451200,FUNDICAO DE FERRO E ACO,SIDERURGICA-METALURGIA,INDUSTRIA
2423702,PRODUCAO DE LAMINADOS LONGOS DE ACO EXCETO TUBOS,SIDERURGICA-METALURGIA,INDUSTRIA
133407,CULTIVO DE MACA,PRODUTOS DE AGROPECUARIA,AGROPECUARIA
3041500,FABRICACAO DE AERONAVES,INDUSTRIA AUTOMOTIVA,INDUSTRIA
5231102,ATIVIDADES DO OPERADOR PORTUARIO,TRANSPORTE,SERVICOS
1533500,FABRICACAO DE CALCADOS DE MATERIAL SINTETICO,BENS DE CONSUMO,INDUSTRIA
4511104,COMERCIO POR ATACADO DE CAMINHOES NOVOS E USADOS,VAREJO,COMERCIO
